Rk,Player,WS,Season,Age,Team,G,GS,AS,MP,FG,FGA,2P,2PA,3P,3PA,FT,FTA,ORB,DRB,TRB,AST,STL,BLK,TOV,PF,PTS,FG%,2P%,3P%,FT%,TS%,eFG%,Pos,-9999
1,Shai Gilgeous-Alexander,9.2,2025-26,27,OKC,39,39,0,33.3,10.9,19.9,8.9,14.9,2.0,5.0,8.2,9.3,0.4,4.1,4.5,6.4,1.4,0.8,1.9,2.1,31.9,.545,.596,.393,.886,.664,.594,G,gilgesh01
2,Nikola Jokić,8.7,2025-26,30,DEN,32,32,0,34.6,10.6,17.5,8.5,12.7,2.1,4.8,6.3,7.4,3.0,9.1,12.2,11.0,1.4,0.8,3.5,2.8,29.6,.605,.670,.435,.853,.713,.665,C-F,jokicni01
3,Tyrese Maxey,5.8,2025-26,25,PHI,37,37,0,39.4,10.6,22.2,6.9,13.1,3.7,9.1,5.6,6.4,0.2,4.2,4.4,6.6,1.8,0.9,2.5,2.1,30.5,.476,.526,.405,.877,.609,.560,G,maxeyty01
4,Jimmy Butler,5.7,2025-26,36,GSW,36,36,0,31.4,6.1,11.9,5.3,9.7,0.9,2.3,6.7,7.7,2.2,3.4,5.6,4.9,1.4,0.2,1.6,1.3,19.8,.513,.543,.383,.866,.645,.549,F-G,butleji01
5,Julius Randle,5.1,2025-26,31,MIN,41,41,0,33.4,7.7,15.6,6.1,10.9,1.6,4.8,5.2,6.4,1.7,5.5,7.1,5.7,1.0,0.1,2.5,2.7,22.2,.494,.562,.338,.803,.602,.545,F-C,randlju01
6,Kevin Durant,5.0,2025-26,37,HOU,35,35,0,36.4,9.3,17.8,7.1,12.4,2.2,5.4,5.4,6.1,0.4,5.0,5.4,4.5,0.6,1.0,3.0,2.2,26.1,.521,.574,.400,.892,.638,.582,F-G,duranke01
7,Rudy Gobert,5.0,2025-26,33,MIN,40,40,0,31.7,4.6,6.4,4.6,6.3,0.0,0.0,1.9,3.6,3.9,7.5,11.4,1.8,0.6,1.7,1.4,2.8,11.0,.717,.719,.000,.528,.693,.717,C,goberru01
8,Jamal Murray,4.7,2025-26,28,DEN,37,37,0,35.6,9.2,18.9,5.7,11.2,3.4,7.7,4.0,4.5,0.5,4.1,4.5,7.5,1.0,0.3,2.3,1.6,25.8,.484,.510,.446,.892,.616,.574,G,murraja01
9,Donovan Mitchell,4.7,2025-26,29,CLE,38,38,0,33.8,10.3,20.9,6.4,10.9,3.9,10.1,5.1,6.1,0.8,3.9,4.7,5.6,1.5,0.3,3.0,2.5,29.7,.492,.589,.387,.848,.628,.585,G,mitchdo01
10,Cade Cunningham,4.6,2025-26,24,DET,33,33,0,35.6,9.3,19.9,7.2,13.9,2.1,6.1,6.1,7.3,1.1,5.1,6.2,9.7,1.5,0.8,4.0,3.4,26.7,.465,.520,.340,.838,.577,.517,G,cunnica01
11,Deni Avdija,4.5,2025-26,25,POR,40,40,0,35.4,7.9,17.0,5.6,10.5,2.3,6.5,7.9,9.9,1.0,6.1,7.1,6.9,0.9,0.6,3.9,2.8,26.1,.468,.537,.355,.801,.612,.535,G-F,avdijde01
12,Jalen Brunson,4.5,2025-26,29,NYK,37,37,0,34.5,10.1,20.9,7.1,13.2,3.0,7.7,5.1,6.0,0.5,2.7,3.2,6.1,0.7,0.1,2.3,2.4,28.2,.481,.536,.388,.852,.600,.553,G,brunsja01
13,Amen Thompson,4.5,2025-26,23,HOU,37,37,0,37.0,7.2,13.9,6.8,11.9,0.4,2.1,3.9,4.9,2.8,4.8,7.6,5.1,1.3,0.5,2.6,2.5,18.8,.519,.575,.197,.806,.585,.534,G-F,thompam01
14,Chet Holmgren,4.5,2025-26,23,OKC,35,35,0,28.9,6.7,11.8,5.4,8.1,1.3,3.7,3.1,3.9,1.8,6.6,8.4,1.6,0.6,1.9,1.8,2.7,17.9,.570,.662,.367,.783,.661,.627,F-C,holmgch01
15,Mikal Bridges,4.4,2025-26,29,NYK,40,40,0,34.9,6.4,12.8,4.1,7.0,2.3,5.8,0.9,1.2,1.2,3.4,4.7,4.3,1.6,0.9,1.0,1.9,16.0,.500,.587,.394,.787,.601,.589,F-G,bridgmi01
16,Jalen Johnson,4.3,2025-26,24,ATL,38,38,0,35.3,8.7,16.8,7.1,12.3,1.6,4.5,4.3,5.4,1.4,8.7,10.1,8.1,1.3,0.5,3.4,2.0,23.4,.520,.578,.360,.791,.609,.568,F,johnsja05
17,Luka Dončić,4.3,2025-26,26,LAL,31,31,0,36.4,10.4,22.4,7.1,12.2,3.3,10.2,9.3,11.8,0.9,6.9,7.9,8.8,1.6,0.5,4.6,2.7,33.4,.464,.578,.327,.790,.606,.538,G-F,doncilu01
18,James Harden,4.3,2025-26,36,LAC,37,37,0,35.6,7.4,17.4,4.2,8.4,3.2,8.9,7.7,8.6,0.6,4.2,4.8,8.0,1.3,0.3,3.5,1.9,25.6,.425,.498,.356,.896,.607,.517,G,hardeja01
19,Mark Williams,4.3,2025-26,24,PHO,35,31,0,24.0,4.9,7.4,4.8,7.3,0.0,0.0,2.7,3.4,3.1,5.2,8.3,1.1,1.1,0.9,1.0,2.3,12.4,.659,.658,1.000,.797,.702,.661,C,willima07
20,Kawhi Leonard,4.3,2025-26,34,LAC,30,30,0,33.8,9.7,19.6,6.8,12.3,2.9,7.3,5.9,6.2,0.9,5.4,6.3,3.5,2.2,0.6,2.1,1.4,28.2,.497,.556,.399,.941,.633,.572,F,leonaka01
21,Giannis Antetokounmpo,4.3,2025-26,31,MIL,26,26,0,29.3,11.1,17.1,10.5,15.7,0.5,1.4,6.4,9.8,2.9,6.8,9.7,5.7,0.9,0.8,3.3,2.7,29.1,.649,.672,.389,.651,.680,.664,F-G,antetgi01
22,Scottie Barnes,4.2,2025-26,24,TOR,41,41,0,34.4,7.5,15.0,6.4,11.7,1.1,3.3,3.2,3.9,2.1,6.1,8.3,5.4,1.3,1.4,2.6,2.8,19.4,.503,.550,.336,.826,.581,.540,G-F,barnesc01
23,Payton Pritchard,4.1,2025-26,28,BOS,39,39,0,32.9,6.4,14.2,3.8,6.7,2.5,7.5,1.7,2.0,1.0,3.5,4.5,5.3,0.9,0.1,1.1,1.5,17.0,.448,.573,.338,.870,.564,.538,G,pritcpa01
24,Karl-Anthony Towns,4.1,2025-26,30,NYK,37,37,0,32.4,6.8,14.5,5.1,9.8,1.6,4.7,5.8,6.7,2.9,8.4,11.2,3.0,0.9,0.6,2.6,3.5,21.0,.468,.523,.353,.863,.602,.525,C-F,townska01
25,Trey Murphy III,4.0,2025-26,25,NOP,39,39,0,35.7,7.8,15.6,4.7,7.6,3.1,8.0,3.4,3.8,1.2,5.1,6.2,3.6,1.6,0.2,1.9,2.2,22.2,.503,.623,.389,.899,.643,.603,F,murphtr02
26,Jalen Duren,4.0,2025-26,22,DET,31,31,0,28.4,7.0,11.0,7.0,11.0,0.0,0.0,4.0,5.5,4.1,6.5,10.6,1.7,0.9,0.9,2.3,3.2,17.9,.633,.633,,.724,.667,.633,C,durenja01
27,Neemias Queta,4.0,2025-26,26,BOS,37,37,0,24.8,4.4,6.8,4.4,6.6,0.0,0.1,1.3,2.1,3.1,5.1,8.2,1.4,0.8,1.2,0.9,2.7,10.1,.656,.667,.000,.603,.659,.656,C,quetane01
28,Anthony Edwards,3.9,2025-26,24,MIN,33,33,0,34.9,10.0,19.9,6.6,11.8,3.3,8.2,5.6,7.1,0.6,4.4,5.0,3.8,1.3,0.8,2.7,1.8,28.9,.500,.563,.409,.787,.626,.584,G-F,edwaran01
29,Alperen Şengün,3.9,2025-26,23,HOU,30,30,0,34.4,8.4,16.4,7.7,14.1,0.7,2.3,4.3,6.0,2.9,6.0,8.9,6.6,1.4,1.0,3.2,3.3,21.7,.509,.542,.304,.721,.570,.530,C-F,sengual01
30,Kel'el Ware,3.9,2025-26,21,MIA,40,27,0,24.5,4.7,8.5,3.5,5.7,1.2,2.8,1.3,1.6,3.3,6.8,10.1,0.6,0.9,1.2,1.0,1.7,11.9,.548,.610,.425,.815,.643,.619,C,wareke01
31,Luke Kornet,3.8,2025-26,30,SAS,32,22,0,24.7,3.1,4.8,3.1,4.8,0.0,0.0,2.0,2.4,3.2,3.8,6.9,2.0,0.4,1.3,0.5,2.1,8.2,.658,.658,,.829,.709,.658,C-F,kornelu01
32,Keldon Johnson,3.8,2025-26,26,SAS,40,0,0,23.6,5.1,9.0,3.8,6.0,1.3,3.1,2.1,2.7,2.0,4.3,6.3,1.2,0.7,0.1,1.0,1.9,13.6,.565,.643,.415,.778,.665,.636,G,johnske04
33,Devin Booker,3.8,2025-26,29,PHO,37,37,0,34.1,8.3,18.2,6.6,12.8,1.6,5.4,7.1,8.2,0.9,3.2,4.1,6.5,0.9,0.3,3.3,2.7,25.2,.454,.518,.303,.861,.578,.499,G,bookede01
34,Donovan Clingan,3.7,2025-26,21,POR,37,37,0,27.1,4.2,7.9,3.3,5.1,0.9,2.8,1.5,2.3,4.4,6.3,10.7,1.9,0.5,1.4,1.0,2.5,10.9,.540,.658,.327,.663,.616,.598,C,clingdo01
35,DeMar DeRozan,3.6,2025-26,36,SAC,41,41,0,33.5,6.9,13.5,6.1,11.4,0.8,2.2,4.6,5.2,0.5,2.8,3.4,3.9,1.4,0.2,1.0,2.0,19.1,.508,.536,.360,.879,.604,.537,G-F,derozde01
36,Donte DiVincenzo,3.6,2025-26,29,MIN,41,41,0,31.5,4.5,10.7,1.4,2.6,3.1,8.1,1.3,1.7,1.0,3.5,4.5,4.2,1.3,0.4,1.3,2.4,13.4,.421,.547,.381,.761,.585,.565,G,divindo01
37,Ajay Mitchell,3.5,2025-26,23,OKC,39,8,0,26.3,5.1,10.7,4.0,7.5,1.1,3.2,2.8,3.2,0.7,2.8,3.5,3.6,1.4,0.3,1.5,2.2,14.1,.478,.538,.339,.881,.584,.529,G,mitchaj01
38,Jaylen Brown,3.5,2025-26,29,BOS,36,36,0,34.3,10.9,21.9,8.7,16.1,2.2,5.8,5.6,7.2,1.2,5.3,6.4,5.0,1.0,0.4,3.8,3.1,29.5,.495,.538,.376,.779,.588,.545,F-G,brownja02
39,Stephen Curry,3.5,2025-26,37,GSW,31,31,0,31.9,9.2,19.7,4.6,7.8,4.6,11.9,5.1,5.5,0.5,3.4,3.8,4.9,1.2,0.5,2.8,2.0,28.1,.466,.587,.388,.929,.635,.583,G,curryst01
40,Moussa Diabaté,3.4,2025-26,24,CHO,37,11,0,24.3,3.1,5.0,3.1,5.0,0.0,0.0,2.0,3.0,3.7,4.7,8.4,1.5,0.8,1.0,0.8,2.5,8.2,.620,.620,,.667,.649,.620,F,diabamo01
41,Nic Claxton,3.4,2025-26,26,BRK,36,35,0,29.7,5.2,9.0,5.2,8.7,0.1,0.3,2.6,3.9,2.6,4.8,7.5,4.0,0.7,1.4,1.5,2.3,13.1,.580,.596,.167,.652,.609,.583,C,claxtni01
42,Evan Mobley,3.4,2025-26,24,CLE,36,34,0,33.2,6.8,13.2,5.6,9.5,1.3,3.8,3.0,4.7,2.3,6.4,8.7,4.1,1.0,1.9,2.1,2.6,17.9,.517,.589,.333,.639,.586,.564,F-C,mobleev01
43,Collin Gillespie,3.3,2025-26,26,PHO,40,21,0,28.0,4.7,10.7,1.8,3.8,2.9,7.0,1.0,1.2,1.1,3.1,4.2,4.8,1.5,0.3,1.7,1.5,13.2,.434,.480,.409,.851,.585,.566,G,gilleco01
44,Naji Marshall,3.3,2025-26,28,DAL,41,18,0,28.9,5.0,9.3,4.2,6.5,0.9,2.8,2.9,3.7,0.9,3.7,4.6,2.8,1.0,0.1,1.3,2.0,13.8,.540,.644,.302,.781,.631,.586,F,marshna01
45,Wendell Carter Jr.,3.3,2025-26,26,ORL,38,38,0,30.3,4.4,8.6,3.2,5.3,1.2,3.3,2.5,3.3,2.4,5.3,7.7,2.1,0.7,0.7,1.3,3.7,12.4,.512,.612,.352,.758,.620,.580,C,cartewe01
46,Derrick White,3.2,2025-26,31,BOS,38,38,0,34.3,6.4,16.2,3.3,6.6,3.2,9.6,2.6,2.9,0.9,3.5,4.4,5.2,1.3,1.5,1.9,1.7,18.6,.397,.494,.331,.882,.532,.495,G,whitede01
47,Victor Wembanyama,3.2,2025-26,22,SAS,26,17,0,29.0,8.4,16.4,7.0,12.2,1.5,4.2,5.7,6.8,1.9,9.1,11.0,3.0,0.9,2.7,2.9,2.8,24.0,.514,.569,.352,.836,.619,.559,C-F,wembavi01
48,Cam Spencer,3.2,2025-26,25,MEM,38,9,0,23.9,3.9,8.1,1.6,3.1,2.3,5.0,1.8,2.0,0.4,2.2,2.6,5.3,0.8,0.1,1.5,1.6,12.0,.479,.500,.466,.921,.664,.623,G,spencca01
49,Austin Reaves,3.2,2025-26,27,LAL,23,22,0,35.3,8.2,16.2,5.5,8.8,2.7,7.4,7.5,8.6,0.7,4.5,5.2,6.3,1.0,0.2,3.3,2.3,26.6,.507,.626,.365,.873,.666,.590,G,reaveau01
50,Jaden McDaniels,3.1,2025-26,25,MIN,39,39,0,31.8,5.7,10.9,4.3,7.6,1.4,3.3,2.1,2.5,1.1,3.3,4.4,2.7,1.1,0.9,1.7,3.4,14.8,.521,.566,.419,.833,.618,.585,F,mcdanja02
51,Ivica Zubac,3.1,2025-26,28,LAC,34,33,0,31.3,6.3,10.4,6.3,10.4,0.0,0.0,2.2,3.0,3.5,7.2,10.7,2.4,0.4,1.0,1.9,2.5,14.8,.606,.606,,.725,.630,.606,C,zubaciv01
52,Norman Powell,3.1,2025-26,32,MIA,34,34,0,30.8,8.0,16.4,4.9,9.1,3.1,7.4,4.9,5.7,0.4,3.4,3.8,2.7,1.3,0.2,2.0,2.3,23.9,.485,.542,.414,.855,.630,.578,G,powelno01
53,Lauri Markkanen,3.1,2025-26,28,UTA,33,33,0,36.0,9.5,19.7,6.6,11.7,2.9,8.0,6.0,6.8,2.0,5.2,7.2,2.2,1.0,0.5,1.6,2.0,27.9,.483,.563,.365,.884,.616,.557,F-C,markkla01
54,Reed Sheppard,3.1,2025-26,21,HOU,37,4,0,25.4,4.8,10.7,2.3,4.5,2.5,6.2,0.9,1.2,0.4,2.3,2.6,3.2,1.4,0.6,1.2,2.2,12.9,.444,.500,.404,.773,.575,.561,G,sheppre01
55,Miles Bridges,3.1,2025-26,27,CHO,39,39,0,33.4,6.8,15.5,4.5,8.5,2.3,6.9,3.5,4.2,0.9,5.5,6.4,3.7,0.5,0.5,1.5,1.8,19.5,.443,.532,.333,.846,.564,.517,G-F,bridgmi02
56,Immanuel Quickley,3.1,2025-26,26,TOR,40,40,0,32.5,5.7,13.5,3.2,6.3,2.5,7.2,2.6,3.2,0.6,3.6,4.2,6.1,1.2,0.1,1.7,2.0,16.5,.423,.510,.347,.791,.552,.516,G,quickim01
57,Tre Jones,3.1,2025-26,26,CHI,34,19,0,26.9,4.3,8.0,3.7,6.3,0.5,1.7,3.4,3.9,0.6,2.2,2.9,5.6,1.3,0.2,1.4,1.4,12.4,.533,.593,.310,.851,.638,.566,G,jonestr01
58,Kon Knueppel,3.0,2025-26,20,CHO,39,38,0,32.5,6.6,13.7,3.2,5.6,3.4,8.1,2.4,2.7,1.0,4.1,5.1,3.6,0.7,0.2,2.3,2.3,19.1,.480,.559,.425,.888,.638,.606,G-F,knuepko01
59,Goga Bitadze,2.9,2025-26,26,ORL,36,1,0,17.0,2.5,3.7,2.5,3.4,0.1,0.3,1.0,1.4,2.2,3.2,5.3,1.3,0.8,1.3,0.6,2.4,6.1,.689,.730,.200,.735,.716,.697,C,bitadgo01
60,Nikola Vučević,2.9,2025-26,35,CHI,39,39,0,30.7,6.9,13.8,5.2,9.1,1.8,4.7,1.2,1.5,2.2,7.0,9.2,3.7,0.7,0.6,1.5,2.0,16.9,.503,.568,.378,.797,.583,.568,C,vucevni01
61,Jabari Smith Jr.,2.9,2025-26,22,HOU,36,36,0,34.6,5.5,12.6,3.3,6.4,2.1,6.3,2.0,2.6,1.5,5.4,6.9,1.8,0.8,0.8,1.3,2.8,15.1,.433,.522,.342,.758,.546,.518,F-C,smithja05
62,Isaiah Hartenstein,2.9,2025-26,27,OKC,24,24,0,26.9,4.8,7.5,4.8,7.3,0.0,0.2,1.5,2.4,3.4,7.0,10.4,3.0,1.1,0.8,2.1,2.9,11.2,.644,.659,.000,.649,.656,.644,F,harteis01
63,Sandro Mamukelashvili,2.8,2025-26,26,TOR,40,8,0,21.4,3.9,7.6,2.7,4.3,1.2,3.3,1.3,1.7,1.5,3.4,4.9,1.9,0.7,0.6,0.8,1.9,10.3,.513,.628,.364,.773,.617,.592,C-F,mamuksa01
64,Onyeka Okongwu,2.8,2025-26,25,ATL,40,29,0,31.9,6.0,12.5,4.2,7.3,1.9,5.2,2.1,2.8,1.9,6.0,7.9,3.4,1.1,1.0,1.8,3.5,16.0,.482,.567,.362,.764,.584,.557,C-F,okongon01
65,Naz Reid,2.8,2025-26,26,MIN,41,1,0,26.5,5.5,11.7,3.1,5.4,2.4,6.3,1.2,1.6,1.2,5.0,6.2,2.4,0.9,0.9,1.6,2.5,14.6,.469,.573,.381,.781,.589,.572,F,reidna01
66,Julian Champagnie,2.7,2025-26,24,SAS,40,26,0,28.5,3.6,8.7,1.2,2.1,2.4,6.6,1.6,1.9,1.0,5.2,6.2,1.5,0.9,0.4,1.0,1.5,11.3,.418,.583,.365,.831,.591,.556,F,champju02
67,Deandre Ayton,2.7,2025-26,27,LAL,34,34,0,29.3,6.4,9.4,6.4,9.4,0.0,0.0,1.1,1.8,2.6,6.2,8.8,0.9,0.7,1.0,1.6,2.4,14.0,.682,.682,,.617,.684,.682,C,aytonde01
68,Michael Porter Jr.,2.7,2025-26,27,BRK,31,31,0,33.1,9.1,18.7,5.3,9.2,3.8,9.5,3.7,4.5,1.3,6.2,7.5,3.3,1.0,0.2,2.5,2.1,25.7,.486,.573,.401,.841,.623,.588,F,portemi01
69,Duncan Robinson,2.7,2025-26,31,DET,36,36,0,29.1,3.9,9.0,1.1,1.9,2.8,7.1,1.2,1.5,0.3,2.5,2.8,1.9,0.8,0.3,0.7,2.3,11.8,.432,.582,.393,.778,.608,.588,G-F,robindu01
70,Luka Garza,2.7,2025-26,27,BOS,31,1,0,16.3,2.7,4.4,2.0,3.1,0.7,1.3,1.4,1.7,2.5,1.9,4.4,0.9,0.4,0.5,0.4,2.5,7.5,.618,.663,.512,.796,.726,.695,F-C,garzalu01
71,Franz Wagner,2.7,2025-26,24,ORL,24,24,0,33.4,7.8,15.9,6.3,11.8,1.5,4.2,5.6,6.8,1.5,4.6,6.1,3.7,1.2,0.4,1.8,2.2,22.7,.490,.535,.360,.823,.600,.537,G-F,wagnefr01
72,Santi Aldama,2.6,2025-26,25,MEM,39,8,0,28.0,5.3,11.2,3.7,6.4,1.6,4.8,1.7,2.5,1.6,5.2,6.8,3.1,0.9,0.7,1.3,1.6,14.0,.475,.578,.337,.684,.567,.547,F-C,aldamsa01
73,De'Aaron Fox,2.6,2025-26,28,SAS,31,31,0,32.6,7.5,16.1,5.5,10.0,2.0,6.1,3.5,4.3,0.8,3.4,4.2,5.8,1.3,0.3,2.5,2.3,20.5,.466,.552,.326,.811,.569,.528,G,foxde01
74,Jarrett Allen,2.6,2025-26,27,CLE,30,30,0,26.4,5.4,9.1,5.4,8.8,0.0,0.2,2.7,3.6,2.1,5.7,7.9,2.2,1.0,0.7,1.6,1.9,13.5,.596,.608,.143,.750,.635,.597,C-F,allenja01
75,Jaylon Tyson,2.6,2025-26,23,CLE,37,22,0,26.9,4.9,9.6,3.0,5.5,1.9,4.1,1.0,1.4,1.9,3.4,5.3,2.0,1.0,0.5,1.3,3.0,12.8,.513,.554,.458,.731,.625,.611,G,tysonja01
76,Desmond Bane,2.6,2025-26,27,ORL,40,40,0,33.8,7.0,15.4,5.3,10.5,1.7,5.0,3.6,3.9,1.3,3.3,4.6,4.5,0.8,0.5,2.2,3.0,19.2,.452,.506,.338,.929,.561,.506,G,banede01
77,Royce O'Neale,2.5,2025-26,32,PHO,40,35,0,29.5,3.7,8.5,0.7,1.5,2.9,7.0,0.3,0.4,0.7,4.4,5.1,2.8,1.3,0.3,1.5,2.3,10.5,.431,.483,.419,.667,.606,.603,F,onealro01
78,Cooper Flagg,2.5,2025-26,19,DAL,40,40,0,34.1,7.2,15.0,6.2,11.6,1.0,3.4,3.5,4.3,1.2,5.1,6.3,4.2,1.3,0.8,2.2,2.3,18.8,.478,.533,.287,.818,.556,.510,F-G,flaggco01
79,Josh Hart,2.5,2025-26,30,NYK,30,16,0,30.4,4.7,9.4,3.0,5.3,1.6,4.1,1.4,1.8,1.6,6.1,7.8,5.1,1.3,0.3,2.2,2.6,12.4,.498,.572,.402,.792,.610,.585,G,hartjo01
80,Dyson Daniels,2.5,2025-26,22,ATL,41,41,0,34.2,5.2,10.3,5.0,8.8,0.2,1.5,1.2,1.9,2.2,4.4,6.6,6.2,1.9,0.5,2.2,2.2,11.8,.502,.569,.113,.620,.525,.511,G,daniedy01
81,Tim Hardaway Jr.,2.5,2025-26,33,DEN,40,5,0,27.5,4.6,10.0,1.7,3.0,2.9,7.0,1.8,2.0,0.2,2.2,2.4,1.4,0.5,0.1,0.4,1.2,13.8,.459,.562,.414,.889,.636,.603,G,hardati02
82,Jock Landale,2.5,2025-26,30,MEM,37,19,0,22.6,4.3,8.4,3.2,5.5,1.1,2.9,1.4,2.0,2.9,3.4,6.3,1.7,0.5,0.5,1.0,2.4,11.1,.518,.584,.393,.667,.602,.586,C,landajo01
83,Brandin Podziemski,2.5,2025-26,22,GSW,41,12,0,26.7,4.1,9.1,2.3,4.6,1.8,4.5,1.7,2.2,0.7,3.7,4.4,3.2,1.0,0.2,1.3,1.9,11.8,.457,.511,.402,.764,.586,.556,G,podzibr01
84,Cason Wallace,2.4,2025-26,22,OKC,39,32,0,26.8,2.8,6.7,1.4,2.9,1.3,3.8,0.4,0.6,0.8,2.2,3.0,2.1,2.2,0.2,0.9,2.0,7.3,.411,.487,.351,.773,.523,.510,G,wallaca01
85,Pascal Siakam,2.4,2025-26,31,IND,40,40,0,33.9,8.8,18.3,7.1,13.7,1.7,4.6,4.3,6.2,1.7,5.2,6.9,3.9,1.3,0.4,2.2,2.6,23.6,.482,.520,.370,.685,.561,.529,F-C,siakapa01
86,Mitchell Robinson,2.4,2025-26,27,NYK,28,13,0,19.4,2.0,3.0,2.0,3.0,0.0,0.0,0.6,1.6,4.8,4.2,9.0,1.1,0.9,1.1,0.7,2.3,4.6,.667,.667,,.400,.626,.667,C,robinmi01
87,Isaiah Stewart,2.4,2025-26,24,DET,34,11,0,23.7,4.1,7.5,3.1,5.1,0.9,2.4,1.4,2.0,1.9,3.7,5.6,1.1,0.3,2.1,1.2,3.1,10.4,.539,.618,.373,.706,.621,.600,F-C,stewais01
88,Keyonte George,2.4,2025-26,22,UTA,39,39,0,34.4,7.5,16.5,5.0,9.7,2.5,6.8,6.4,7.1,0.5,3.7,4.2,6.9,1.0,0.3,3.5,2.4,23.8,.454,.517,.365,.905,.609,.530,G,georgke01
89,Harrison Barnes,2.4,2025-26,33,SAS,40,40,0,28.9,3.9,8.9,2.0,3.6,1.9,5.2,1.7,1.9,0.8,2.3,3.1,2.2,0.8,0.1,1.0,1.4,11.3,.435,.538,.364,.868,.581,.542,F,barneha02
90,Davion Mitchell,2.4,2025-26,27,MIA,38,38,0,29.5,3.7,7.7,2.6,4.9,1.1,2.8,0.6,1.0,0.3,2.1,2.5,7.3,1.2,0.1,1.7,2.8,9.1,.478,.524,.398,.615,.559,.551,G,mitchda01
91,Zion Williamson,2.4,2025-26,25,NOP,27,20,0,29.1,8.3,14.3,8.3,14.1,0.0,0.1,5.9,8.3,2.3,3.4,5.7,3.4,1.2,0.6,2.4,2.3,22.4,.579,.584,.000,.711,.626,.579,F-C,willizi01
92,VJ Edgecombe,2.3,2025-26,20,PHI,35,35,0,35.8,5.9,13.9,3.6,7.9,2.3,6.0,1.8,2.3,1.7,3.6,5.3,4.3,1.6,0.5,1.7,3.2,15.9,.425,.462,.376,.790,.533,.506,G-F,edgecvj01
93,Jordan Walsh,2.3,2025-26,21,BOS,34,20,0,19.5,2.4,4.3,1.6,2.5,0.8,1.8,0.7,0.9,1.4,3.3,4.7,0.9,1.0,0.5,0.6,2.3,6.3,.559,.643,.443,.806,.674,.652,G-F,walshjo01
94,Ryan Kalkbrenner,2.3,2025-26,24,CHO,28,25,0,25.0,3.6,4.7,3.6,4.6,0.0,0.1,1.3,1.8,2.6,3.7,6.3,0.6,0.6,1.8,1.1,1.8,8.6,.779,.791,.000,.735,.787,.779,C,kalkbry01
95,Andre Drummond,2.3,2025-26,32,PHI,34,15,0,20.0,2.7,5.4,2.2,4.1,0.5,1.3,1.1,1.7,3.4,5.4,8.8,0.8,0.6,0.9,0.8,2.0,7.0,.503,.543,.378,.655,.573,.549,C,drumman01
96,Quentin Grimes,2.3,2025-26,25,PHI,37,7,0,31.6,4.5,10.2,2.3,4.2,2.2,6.0,2.9,3.3,0.7,3.2,3.9,3.8,1.0,0.5,2.1,2.1,14.0,.439,.548,.362,.870,.601,.545,G-F,grimequ01
97,Josh Giddey,2.3,2025-26,23,CHI,30,30,0,32.8,6.7,14.3,4.8,9.5,1.9,4.8,4.0,5.3,1.2,7.8,8.9,9.0,0.9,0.4,3.6,1.8,19.2,.466,.507,.386,.761,.578,.531,G,giddejo01
98,Jaime Jaquez Jr.,2.2,2025-26,24,MIA,37,1,0,28.8,6.4,12.1,6.0,10.5,0.4,1.7,2.6,3.4,1.2,3.9,5.1,4.6,0.8,0.2,2.2,2.0,15.9,.530,.574,.258,.748,.581,.548,G-F,jaqueja01
99,Ryan Rollins,2.2,2025-26,23,MIL,40,35,0,31.8,6.3,13.5,4.0,7.7,2.3,5.8,1.6,2.1,0.8,3.7,4.5,5.5,1.5,0.4,2.3,2.8,16.5,.465,.515,.398,.774,.571,.550,G,rolliry01
100,Day'Ron Sharpe,2.2,2025-26,24,BRK,37,3,0,17.9,3.0,5.0,2.9,4.2,0.2,0.8,1.6,2.5,2.4,3.9,6.3,2.3,1.0,0.5,1.6,2.2,7.9,.605,.675,.214,.663,.645,.622,C,sharpda01
101,Isaiah Joe,2.2,2025-26,26,OKC,32,0,0,19.6,2.9,6.7,0.7,1.3,2.2,5.5,1.6,1.8,0.5,2.1,2.5,1.3,0.5,0.2,0.6,1.6,9.7,.437,.575,.406,.877,.644,.602,G,joeis01
102,Ayo Dosunmu,2.2,2025-26,26,CHI,34,7,0,26.1,5.3,10.3,3.4,6.2,1.8,4.1,1.9,2.2,0.6,2.1,2.7,3.6,0.7,0.2,1.2,1.6,14.3,.513,.557,.446,.868,.635,.602,G,dosunay01
103,Max Christie,2.2,2025-26,22,DAL,38,29,0,29.0,4.2,8.8,1.8,3.4,2.4,5.4,1.5,1.8,0.2,3.3,3.5,2.1,0.5,0.4,1.1,1.5,12.3,.477,.535,.441,.853,.642,.613,G,chrisma02
104,Devin Vassell,2.2,2025-26,25,SAS,32,32,0,31.9,5.3,12.4,2.6,5.4,2.7,7.0,1.8,2.1,0.5,3.6,4.0,2.4,0.9,0.5,0.9,2.0,15.0,.422,.477,.379,.868,.561,.529,G-F,vassede01
105,Saddiq Bey,2.2,2025-26,26,NOP,36,28,0,29.8,5.3,12.1,3.7,7.0,1.6,5.1,2.8,3.4,1.7,4.1,5.8,2.3,0.9,0.1,0.6,1.1,15.1,.441,.532,.317,.806,.554,.508,F,beysa01
106,Anfernee Simons,2.2,2025-26,26,BOS,39,0,0,24.0,4.8,10.9,2.3,4.6,2.5,6.3,1.3,1.5,0.5,1.8,2.3,2.5,0.4,0.1,1.1,1.7,13.5,.439,.489,.402,.881,.581,.555,G,simonan01
107,Cedric Coward,2.2,2025-26,22,MEM,36,23,0,26.7,5.0,10.6,3.4,6.1,1.5,4.5,2.4,2.9,1.6,5.1,6.7,2.9,0.6,0.3,1.7,2.0,13.9,.470,.566,.340,.846,.587,.542,F-G,cowarce01
108,John Collins,2.1,2025-26,28,LAC,38,29,0,27.5,5.0,9.2,3.7,6.1,1.3,3.1,1.7,2.1,1.4,3.6,5.0,0.8,0.9,0.9,1.4,2.7,13.1,.546,.615,.412,.802,.643,.616,F,collijo01
109,Peyton Watson,2.1,2025-26,23,DEN,39,29,0,29.4,5.0,9.7,3.6,6.4,1.4,3.3,2.5,3.3,1.0,4.1,5.0,1.8,1.0,1.0,1.6,2.5,13.8,.511,.564,.408,.744,.615,.580,G-F,watsope01
110,Ausar Thompson,2.1,2025-26,23,DET,34,33,0,26.4,4.6,9.0,4.4,8.5,0.1,0.5,1.9,3.4,2.0,3.8,5.8,2.6,1.6,0.9,1.6,2.8,11.2,.510,.524,.278,.556,.534,.518,G,thompau01
111,Myles Turner,2.1,2025-26,29,MIL,39,39,0,28.5,4.0,9.5,1.8,3.7,2.2,5.8,2.2,2.8,1.2,4.1,5.3,1.6,0.7,1.5,1.0,2.7,12.4,.422,.476,.387,.757,.577,.539,C-F,turnemy01
112,LeBron James,2.1,2025-26,41,LAL,21,21,0,33.2,8.3,16.1,6.7,11.1,1.6,5.0,4.2,5.8,0.6,5.1,5.7,6.9,1.1,0.6,2.6,1.5,22.4,.513,.605,.311,.730,.598,.562,F-G,jamesle01
113,Andrew Wiggins,2.0,2025-26,30,MIA,36,36,0,31.7,6.1,13.1,4.3,8.4,1.9,4.7,1.7,2.2,1.8,3.0,4.8,2.8,1.2,1.1,1.8,2.5,15.8,.467,.505,.399,.763,.561,.538,F-G,wiggian01
114,Bam Adebayo,2.0,2025-26,28,MIA,32,32,0,30.8,6.2,13.6,4.9,9.6,1.3,3.9,3.1,4.1,1.7,8.0,9.7,2.7,1.0,0.8,1.8,1.8,16.8,.456,.506,.333,.758,.547,.505,C-F,adebaba01
115,Jake LaRavia,2.0,2025-26,24,LAL,38,17,0,27.3,3.6,7.6,2.3,4.1,1.2,3.6,1.4,2.0,1.6,2.7,4.3,2.0,1.3,0.4,1.1,2.3,9.8,.467,.578,.341,.733,.576,.547,F,laravja01
116,Brandon Ingram,2.0,2025-26,28,TOR,40,40,0,33.8,8.2,17.3,6.5,12.4,1.7,4.9,3.8,4.6,0.9,5.2,6.1,3.7,0.8,0.7,2.8,2.0,21.9,.473,.521,.350,.826,.566,.522,F,ingrabr01
117,Collin Murray-Boyles,2.0,2025-26,20,TOR,35,11,0,21.0,3.1,5.9,2.7,4.7,0.4,1.2,0.9,1.3,2.5,2.6,5.1,1.9,0.9,0.6,1.1,2.7,7.6,.534,.579,.357,.638,.585,.570,F,murraco01
118,Jaxson Hayes,2.0,2025-26,25,LAL,32,4,0,17.6,2.6,3.3,2.5,3.3,0.0,0.0,1.2,1.8,1.5,2.5,4.0,0.9,0.4,0.6,0.5,2.1,6.3,.766,.764,1.000,.655,.766,.771,F,hayesja02
119,Steven Adams,2.0,2025-26,32,HOU,30,10,0,22.6,2.2,4.3,2.2,4.3,0.0,0.0,1.5,2.6,4.5,4.0,8.5,1.5,0.7,0.6,1.1,1.8,5.9,.500,.500,,.582,.534,.500,C,adamsst01
120,Javonte Green,1.9,2025-26,32,DET,38,4,0,19.9,2.5,5.6,1.4,2.6,1.1,3.0,1.2,1.6,0.8,2.1,2.8,0.8,1.4,0.4,0.7,1.6,7.2,.439,.540,.351,.783,.572,.533,F,greenja02
121,OG Anunoby,1.9,2025-26,28,NYK,30,30,0,32.5,5.3,11.7,3.3,6.0,2.0,5.7,2.9,3.6,1.4,4.1,5.5,2.2,1.7,0.7,2.0,2.6,15.6,.456,.556,.351,.806,.586,.541,F,anunoog01
122,Miles McBride,1.9,2025-26,25,NYK,29,12,0,27.8,4.3,9.9,1.4,3.1,2.9,6.8,1.0,1.2,0.7,1.9,2.6,2.6,0.7,0.2,0.8,1.9,12.6,.438,.451,.431,.853,.604,.585,G,mcbrimi01
123,Jerami Grant,1.9,2025-26,31,POR,26,14,0,30.3,6.0,13.8,3.5,7.3,2.5,6.4,5.5,6.3,1.2,2.9,4.0,2.7,0.7,0.6,2.2,3.0,20.0,.436,.476,.389,.866,.603,.527,F,grantje01
124,Jalen Williams,1.9,2025-26,24,OKC,22,22,0,30.3,7.0,14.5,6.2,12.0,0.7,2.6,3.1,3.7,0.7,4.1,4.8,5.5,1.5,0.4,2.1,2.3,17.7,.478,.521,.281,.829,.548,.503,G,willija06
125,Robert Williams,1.9,2025-26,28,POR,28,1,0,15.8,2.7,3.7,2.6,3.3,0.1,0.4,0.5,0.7,2.0,4.0,6.0,1.0,0.6,1.3,0.6,1.3,6.0,.721,.774,.273,.700,.740,.736,C-F,williro04
126,Marvin Bagley III,1.9,2025-26,26,WAS,33,7,0,19.4,4.1,6.5,3.9,6.0,0.2,0.5,1.6,2.2,2.5,3.2,5.6,1.5,0.5,0.7,1.2,2.1,10.0,.628,.646,.412,.730,.669,.644,F-C,baglema01
127,Nickeil Alexander-Walker,1.9,2025-26,27,ATL,40,33,0,33.0,7.2,16.0,4.2,8.0,3.0,8.0,3.3,3.8,0.6,3.0,3.6,3.3,1.1,0.6,2.0,2.1,20.7,.449,.522,.377,.862,.585,.544,G,alexani01
128,LaMelo Ball,1.9,2025-26,24,CHO,30,29,0,27.9,7.0,16.9,3.7,7.8,3.4,9.1,2.6,3.0,1.0,4.2,5.2,7.7,1.2,0.2,3.4,2.7,20.1,.415,.468,.370,.878,.550,.515,G,ballla01
129,Sam Merrill,1.8,2025-26,29,CLE,24,15,0,25.8,4.5,9.6,1.0,1.8,3.5,7.8,1.3,1.4,0.7,1.7,2.4,2.3,0.7,0.1,0.9,2.8,13.8,.470,.535,.455,.882,.676,.654,G,merrisa01
130,Craig Porter Jr.,1.8,2025-26,25,CLE,37,1,0,17.4,1.9,4.0,1.4,2.6,0.5,1.4,0.4,0.6,1.5,2.1,3.6,2.8,1.0,0.6,0.8,1.1,4.8,.480,.526,.392,.636,.558,.547,G,portecr01
131,Dru Smith,1.8,2025-26,28,MIA,40,1,0,16.9,2.2,4.9,1.5,2.9,0.7,2.1,1.3,1.6,0.7,1.7,2.4,2.6,1.5,0.3,1.0,1.6,6.3,.439,.509,.341,.810,.561,.510,G,smithdr01
132,Daniel Gafford,1.8,2025-26,27,DAL,29,20,0,20.8,3.0,4.8,3.0,4.8,0.0,0.0,1.8,2.3,2.0,4.5,6.5,0.8,0.8,1.3,1.3,2.6,7.8,.629,.629,,.761,.670,.629,C-F,gaffoda01
133,Luke Kennard,1.8,2025-26,29,ATL,36,0,0,20.5,2.8,5.3,1.2,1.9,1.6,3.3,0.8,0.8,0.4,1.5,1.9,2.3,0.8,0.1,0.8,1.2,7.9,.521,.600,.475,.933,.696,.671,G,kennalu01
134,Anthony Black,1.8,2025-26,22,ORL,40,20,0,30.3,5.7,12.2,4.1,7.8,1.6,4.4,2.8,3.9,0.8,3.3,4.1,3.9,1.3,0.7,2.4,2.8,15.7,.465,.531,.350,.723,.565,.529,G,blackan01
135,Dominick Barlow,1.8,2025-26,22,PHI,29,26,0,24.4,3.3,6.0,2.9,4.4,0.4,1.6,1.3,1.6,2.1,3.1,5.2,1.3,0.7,0.8,1.0,2.3,8.3,.552,.651,.267,.787,.619,.586,F,barlodo01
136,Vit Krejci,1.8,2025-26,25,ATL,38,5,0,24.0,3.4,7.3,0.9,1.6,2.5,5.7,0.7,0.9,0.5,1.8,2.3,1.6,0.9,0.3,0.8,2.5,10.1,.473,.610,.436,.758,.655,.644,G,krejcvi01
137,Aaron Gordon,1.8,2025-26,30,DEN,19,16,0,27.8,6.4,12.4,4.4,7.6,1.9,4.7,3.8,4.7,1.5,4.6,6.2,1.8,0.6,0.2,1.2,1.7,18.5,.515,.579,.411,.809,.640,.594,F,gordoaa01
138,Paolo Banchero,1.8,2025-26,23,ORL,30,30,0,33.7,7.1,15.6,6.2,12.0,0.9,3.6,5.9,7.8,0.9,7.7,8.7,4.9,0.6,0.7,2.9,2.2,20.9,.453,.512,.252,.755,.549,.482,F,banchpa01
139,Kris Dunn,1.8,2025-26,31,LAC,40,34,0,27.1,3.0,6.2,1.9,3.2,1.1,3.0,0.8,1.0,0.8,2.0,2.8,3.1,1.5,0.2,1.3,2.3,7.9,.484,.598,.364,.775,.593,.573,G,dunnkr01
140,RJ Barrett,1.7,2025-26,25,TOR,23,23,0,30.3,7.3,14.7,5.4,9.3,1.9,5.4,3.1,4.5,0.8,4.3,5.0,3.7,0.8,0.2,1.6,2.4,19.6,.496,.577,.355,.689,.587,.560,G-F,barrerj01
141,Tobias Harris,1.7,2025-26,33,DET,23,23,0,27.4,4.8,10.6,3.5,6.6,1.3,4.0,2.4,2.9,1.0,3.5,4.6,2.5,0.6,0.3,1.0,2.0,13.4,.455,.530,.333,.848,.566,.518,F,harrito02
142,Josh Minott,1.7,2025-26,23,BOS,29,10,0,17.6,2.3,4.5,1.2,2.0,1.1,2.5,0.7,0.9,1.3,2.6,4.0,1.1,0.8,0.4,0.6,1.7,6.3,.504,.586,.438,.769,.646,.626,F,minotjo01
143,Collin Sexton,1.7,2025-26,27,CHO,31,12,0,23.9,5.1,10.5,3.7,7.1,1.3,3.4,3.7,4.3,0.5,1.6,2.1,4.1,0.8,0.2,2.3,1.9,15.2,.485,.530,.390,.871,.615,.548,G,sextoco01
144,Andrew Nembhard,1.7,2025-26,26,IND,32,32,0,31.7,6.1,13.8,4.3,8.8,1.8,5.0,3.4,4.2,0.4,2.3,2.6,7.1,1.0,0.2,2.2,2.3,17.4,.441,.484,.365,.815,.557,.507,G,nembhan01
145,Jakob Poeltl,1.7,2025-26,30,TOR,21,21,0,25.3,4.2,6.0,4.2,6.0,0.0,0.0,1.3,2.2,2.7,5.0,7.7,2.1,0.8,0.5,1.6,3.1,9.7,.693,.693,,.596,.691,.693,C,poeltja01
146,Will Richard,1.7,2025-26,23,GSW,36,13,0,18.8,2.6,5.1,1.4,2.0,1.2,3.1,1.0,1.2,1.0,1.6,2.6,1.1,1.0,0.1,0.8,1.9,7.3,.503,.694,.381,.814,.647,.619,G,richawi02
147,Bobby Portis,1.7,2025-26,30,MIL,40,6,0,23.4,5.2,10.6,3.3,6.6,1.9,4.0,0.7,1.0,1.3,5.2,6.5,1.3,0.6,0.2,1.1,1.6,13.0,.488,.498,.472,.744,.588,.578,F-C,portibo01
148,Alex Caruso,1.7,2025-26,31,OKC,29,0,0,18.4,2.3,5.3,1.3,2.1,1.0,3.2,0.7,0.8,0.6,2.2,2.8,2.1,1.4,0.4,0.8,1.3,6.3,.438,.623,.315,.909,.562,.533,G,carusal01
149,Oso Ighodaro,1.7,2025-26,23,PHO,40,7,0,19.5,2.3,3.8,2.3,3.7,0.0,0.0,0.6,1.3,1.4,3.0,4.4,1.8,0.9,0.6,1.2,2.6,5.3,.620,.624,.000,.480,.610,.620,F,ighodos01
150,Jaren Jackson Jr.,1.6,2025-26,26,MEM,37,37,0,30.4,6.9,14.3,5.2,9.8,1.6,4.6,3.1,4.1,0.9,4.7,5.6,1.9,0.9,1.5,2.2,3.8,18.5,.479,.535,.361,.763,.574,.537,F,jacksja02
151,A.J. Green,1.6,2025-26,26,MIL,37,37,0,29.5,3.4,7.6,0.4,0.7,3.0,6.9,0.6,0.8,0.2,2.4,2.6,2.1,0.6,0.1,0.9,2.5,10.3,.440,.519,.431,.793,.646,.635,G,greenaj01
152,Terance Mann,1.6,2025-26,29,BRK,34,33,0,26.0,2.8,6.3,2.0,3.7,0.8,2.6,1.3,1.6,1.4,2.1,3.4,3.7,0.8,0.3,1.1,2.7,7.8,.449,.535,.322,.815,.555,.514,G-F,mannte01
153,Jay Huff,1.6,2025-26,27,IND,41,22,0,19.9,3.0,6.7,1.7,2.3,1.4,4.4,1.0,1.2,1.0,2.7,3.7,1.3,0.4,2.1,0.9,2.4,8.4,.453,.723,.311,.833,.583,.555,F-C,huffja01
154,Stephon Castle,1.6,2025-26,21,SAS,31,31,0,30.9,5.8,12.7,4.8,8.8,1.1,3.9,4.5,6.2,1.1,4.0,5.1,6.8,1.3,0.3,3.8,3.5,17.3,.461,.544,.273,.725,.560,.503,G,castlst01
155,Grayson Allen,1.6,2025-26,30,PHO,23,18,0,29.5,5.3,12.6,2.1,4.3,3.2,8.3,1.9,2.3,0.6,2.3,2.9,3.7,1.7,0.3,1.8,2.3,15.7,.421,.495,.382,.827,.575,.547,G,allengr01
156,Dillon Brooks,1.6,2025-26,30,PHO,34,34,0,30.8,7.9,17.3,5.4,10.0,2.5,7.2,3.0,3.6,0.7,2.6,3.3,1.7,1.2,0.1,2.0,3.4,21.3,.457,.537,.346,.844,.565,.529,F-G,brookdi01
157,Moses Moody,1.6,2025-26,23,GSW,39,28,0,24.3,3.5,8.5,1.4,2.9,2.1,5.6,1.3,1.6,0.8,2.3,3.1,1.5,0.9,0.6,0.9,2.0,10.3,.408,.482,.369,.813,.560,.529,G,moodymo01
158,Mike Conley,1.6,2025-26,38,MIN,35,7,0,18.4,1.5,4.0,0.4,1.0,1.1,3.0,1.0,1.1,0.3,1.4,1.7,3.0,0.6,0.2,0.6,1.5,5.0,.364,.382,.358,.900,.558,.500,G,conlemi01
159,Justin Champagnie,1.6,2025-26,24,WAS,37,9,0,17.9,2.6,5.3,2.0,3.4,0.6,1.9,1.0,1.4,2.1,3.5,5.6,1.0,0.7,0.6,0.5,1.6,6.8,.490,.587,.314,.720,.573,.546,F,champju01
160,Kevin Porter Jr.,1.6,2025-26,25,MIL,21,21,0,34.4,6.2,13.6,4.4,8.8,1.8,4.9,3.7,4.4,0.8,4.4,5.2,7.7,2.3,0.4,3.4,2.1,18.0,.458,.505,.373,.837,.577,.524,G,porteke02
161,Luguentz Dort,1.6,2025-26,26,OKC,31,31,0,26.9,2.9,7.5,1.1,1.9,1.8,5.6,0.7,0.7,0.8,2.8,3.7,1.0,0.9,0.6,0.7,3.1,8.2,.384,.559,.324,.913,.527,.504,G,dortlu01
162,Sam Hauser,1.6,2025-26,28,BOS,38,10,0,22.5,2.6,6.8,0.3,0.8,2.3,6.1,0.2,0.2,0.7,2.9,3.6,1.2,0.6,0.3,0.6,1.2,7.8,.385,.400,.383,.875,.560,.554,F,hausesa01
163,Matas Buzelis,1.6,2025-26,21,CHI,40,40,0,27.7,5.4,11.1,3.6,6.0,1.8,5.1,2.3,3.0,1.1,4.1,5.2,1.7,0.7,1.4,1.7,2.6,14.8,.484,.602,.345,.771,.596,.563,F,buzelma01
164,Pelle Larsson,1.5,2025-26,24,MIA,32,19,0,22.3,3.2,6.9,2.2,3.9,1.0,3.0,1.7,2.3,0.6,2.1,2.7,3.1,0.6,0.3,1.0,1.9,9.2,.464,.556,.344,.753,.578,.538,G,larsspe01
165,Dean Wade,1.5,2025-26,29,CLE,34,13,0,22.6,2.0,5.0,0.8,1.3,1.2,3.7,0.6,0.9,0.8,3.2,4.0,1.6,0.7,0.4,0.3,1.7,5.8,.396,.605,.325,.733,.541,.518,F,wadede01
166,Anthony Davis,1.5,2025-26,32,DAL,20,20,0,31.3,8.5,16.7,8.0,14.9,0.5,1.9,3.0,4.1,3.1,8.0,11.1,2.8,1.1,1.7,2.1,2.1,20.4,.506,.535,.270,.728,.551,.521,F-C,davisan02
167,Jamal Shead,1.5,2025-26,23,TOR,42,4,0,21.5,2.4,6.5,1.2,2.9,1.1,3.5,1.2,1.5,0.4,1.4,1.8,5.5,1.0,0.1,1.3,2.1,7.0,.365,.418,.322,.778,.494,.454,G,sheadja01
168,Derik Queen,1.5,2025-26,21,NOP,42,30,0,26.0,4.9,9.9,4.7,9.0,0.2,0.9,2.7,3.4,1.7,5.7,7.5,4.3,1.0,1.0,2.5,3.0,12.5,.490,.523,.179,.778,.550,.499,F-C,queende01
169,T.J. McConnell,1.5,2025-26,33,IND,29,0,0,17.4,4.6,8.5,4.2,7.4,0.4,1.1,0.4,0.4,0.4,1.9,2.3,4.9,1.2,0.2,1.2,1.1,10.0,.538,.567,.344,.923,.572,.561,G,mccontj01
170,Sion James,1.5,2025-26,23,CHO,40,16,0,25.6,2.0,4.9,0.9,1.9,1.1,3.0,1.4,1.6,0.5,2.9,3.4,1.9,0.6,0.4,0.8,1.7,6.5,.405,.447,.378,.862,.579,.521,G,jamessi01
171,Josh Okogie,1.5,2025-26,27,HOU,37,22,0,19.2,2.0,4.5,1.1,2.1,0.9,2.4,0.8,1.1,1.1,1.6,2.8,0.9,0.9,0.2,0.8,1.6,5.6,.442,.500,.391,.707,.571,.545,G,okogijo01
172,Joel Embiid,1.5,2025-26,31,PHI,21,21,0,29.3,8.0,16.9,7.0,12.7,1.0,4.2,6.5,7.7,2.0,5.0,7.0,3.3,0.7,1.2,3.1,2.2,23.5,.473,.551,.239,.851,.580,.503,C,embiijo01
173,Paul Reed,1.5,2025-26,26,DET,30,6,0,12.2,2.5,4.3,2.3,3.6,0.2,0.7,0.6,1.0,1.9,2.4,4.3,1.3,0.9,0.6,1.0,1.6,5.9,.589,.633,.350,.567,.619,.616,C-F,reedpa01
174,Spencer Jones,1.5,2025-26,24,DEN,36,25,0,22.2,2.2,4.3,1.2,1.8,1.0,2.5,0.7,1.1,1.2,1.7,2.9,0.9,0.9,0.4,0.6,2.9,6.1,.510,.677,.389,.634,.633,.623,F,jonessp01
175,Tari Eason,1.5,2025-26,24,HOU,21,9,0,23.7,4.5,9.5,2.4,4.9,2.1,4.6,0.8,1.2,1.9,4.0,6.0,1.6,1.1,0.6,1.6,2.0,12.0,.477,.485,.469,.640,.598,.590,F,easonta01
176,Jalen Suggs,1.4,2025-26,24,ORL,23,23,0,25.4,5.3,11.2,3.3,5.4,1.9,5.8,2.6,3.0,0.7,2.9,3.7,4.7,1.9,0.5,2.7,3.0,15.0,.471,.621,.331,.857,.601,.556,G,suggsja01
177,Jalen Smith,1.4,2025-26,25,CHI,33,4,0,18.2,3.3,7.2,2.0,3.3,1.3,3.9,1.2,1.6,2.0,4.5,6.5,1.2,0.3,0.8,0.9,1.9,9.2,.460,.609,.333,.759,.578,.550,F,smithja04
178,Cameron Johnson,1.4,2025-26,29,DEN,28,28,0,30.6,4.0,8.8,2.1,4.3,1.9,4.5,1.7,2.1,0.7,2.9,3.6,2.4,0.6,0.3,1.0,2.3,11.7,.461,.496,.429,.810,.604,.571,F,johnsca02
179,Isaiah Jackson,1.4,2025-26,24,IND,29,14,0,18.3,2.9,4.9,2.9,4.9,0.0,0.0,1.6,2.1,2.5,3.4,5.9,0.8,0.7,0.8,1.1,3.0,7.3,.585,.585,,.742,.626,.585,C-F,jacksis01
180,Quinten Post,1.4,2025-26,25,GSW,41,27,0,18.0,3.0,6.8,1.4,2.3,1.5,4.5,0.4,0.5,0.9,2.9,3.8,1.4,0.5,0.5,0.8,2.0,7.9,.436,.621,.341,.818,.561,.548,F,postqu01
181,Jordan Goodwin,1.4,2025-26,27,PHO,37,2,0,21.5,3.4,8.6,1.8,4.1,1.5,4.5,0.6,0.8,1.9,2.7,4.6,2.2,1.4,0.2,1.2,1.6,8.9,.392,.447,.341,.733,.495,.481,G,goodwjo01
182,Kyle Kuzma,1.4,2025-26,30,MIL,38,15,0,26.0,4.8,9.3,3.9,6.8,0.8,2.5,2.2,2.9,0.9,3.7,4.7,2.2,0.7,0.5,1.6,2.3,12.5,.511,.581,.323,.745,.590,.555,F,kuzmaky01
183,Alex Sarr,1.4,2025-26,20,WAS,30,30,0,27.7,6.8,13.7,5.8,10.8,1.0,2.9,2.3,3.2,2.2,5.4,7.6,2.8,0.8,2.3,1.8,2.0,16.9,.498,.539,.345,.708,.559,.534,F,sarral01
184,Jonas Valančiūnas,1.4,2025-26,33,DEN,33,1,0,13.3,3.5,5.9,3.4,5.5,0.1,0.4,1.4,1.8,1.3,3.3,4.7,1.2,0.2,0.6,1.1,2.0,8.5,.593,.615,.250,.770,.634,.601,C,valanjo01
185,Kristaps Porziņģis,1.4,2025-26,30,ATL,17,12,0,24.3,5.6,12.4,3.8,7.3,1.8,5.1,4.0,4.8,1.2,3.9,5.1,2.7,0.5,1.3,0.9,3.2,17.1,.457,.524,.360,.840,.592,.531,C-F,porzikr01
186,Yves Missi,1.4,2025-26,21,NOP,35,7,0,18.2,2.3,4.3,2.3,4.3,0.0,0.0,0.8,1.4,2.9,2.6,5.5,1.2,0.3,1.2,0.7,1.6,5.5,.550,.550,,.592,.566,.550,C,missiyv01
187,Paul George,1.3,2025-26,35,PHI,22,22,0,29.8,5.4,13.0,3.0,6.7,2.4,6.4,2.8,3.2,0.6,4.7,5.3,3.6,1.3,0.5,1.8,2.2,16.0,.415,.456,.371,.859,.551,.505,F-G,georgpa01
188,Ryan Dunn,1.3,2025-26,23,PHO,33,11,0,21.6,2.7,6.1,1.9,3.4,0.8,2.7,0.5,0.8,1.7,3.1,4.7,1.8,1.0,0.5,1.1,2.5,6.8,.445,.554,.307,.692,.527,.513,F,dunnry01
189,Toumani Camara,1.3,2025-26,25,POR,41,41,0,33.8,4.5,10.8,2.0,3.5,2.6,7.3,1.3,1.8,1.8,3.4,5.1,2.7,1.0,0.5,2.1,3.3,12.9,.419,.563,.350,.707,.556,.537,F,camarto01
190,Rui Hachimura,1.3,2025-26,27,LAL,28,27,0,32.0,4.9,9.4,3.1,5.4,1.8,4.0,1.0,1.3,0.8,2.9,3.7,0.9,0.6,0.2,0.8,1.8,12.5,.519,.576,.442,.750,.627,.614,F,hachiru01
191,Clint Capela,1.3,2025-26,31,HOU,33,1,0,11.3,1.6,3.0,1.6,3.0,0.0,0.0,0.4,0.7,2.5,2.0,4.5,0.5,0.5,0.7,0.5,0.8,3.6,.535,.535,,.500,.539,.535,C,capelca01
192,Darius Garland,1.3,2025-26,26,CLE,26,26,0,30.5,6.5,14.5,4.3,8.2,2.3,6.3,2.6,3.0,0.5,2.0,2.4,6.9,0.8,0.1,2.8,1.8,18.0,.451,.521,.360,.861,.567,.529,G,garlada01
193,Aaron Wiggins,1.3,2025-26,27,OKC,28,9,0,22.9,3.9,8.7,2.1,4.1,1.8,4.6,0.7,1.0,0.6,2.5,3.1,1.8,0.7,0.7,1.1,1.5,10.3,.447,.518,.385,.704,.561,.549,G,wiggiaa01
194,De'Andre Hunter,1.3,2025-26,28,CLE,37,23,0,26.8,4.8,11.1,3.1,5.6,1.7,5.5,2.8,3.2,0.7,3.6,4.3,2.2,0.6,0.1,1.6,2.6,14.0,.428,.545,.307,.875,.560,.504,F,huntede01
195,Tristan Da Silva,1.3,2025-26,24,ORL,35,13,0,23.2,3.7,8.1,2.0,4.0,1.6,4.1,0.9,1.0,0.8,2.8,3.6,1.2,0.8,0.2,0.9,1.4,9.8,.451,.507,.396,.833,.572,.551,F,dasiltr01
196,Ja'Kobe Walter,1.3,2025-26,21,TOR,37,9,0,17.7,2.1,4.9,0.9,1.6,1.2,3.2,0.7,1.0,0.7,1.4,2.1,0.9,0.9,0.2,0.5,1.9,6.1,.431,.557,.367,.750,.577,.552,G,walteja01
197,Maxime Raynaud,1.3,2025-26,22,SAC,33,19,0,23.6,4.5,7.9,4.2,7.1,0.2,0.8,1.3,1.8,1.8,4.5,6.4,1.1,0.4,0.5,1.0,2.7,10.5,.563,.591,.308,.729,.601,.579,F,raynama01
198,Jaylin Williams,1.2,2025-26,23,OKC,27,3,0,18.3,1.8,5.1,0.6,1.0,1.2,4.1,1.0,1.4,0.6,4.4,4.9,2.5,0.7,0.6,1.0,1.9,5.8,.358,.615,.297,.703,.512,.478,F,willija07
199,Bones Hyland,1.2,2025-26,25,MIN,32,3,0,13.9,2.5,5.5,1.3,2.1,1.2,3.4,0.7,0.9,0.2,1.2,1.4,2.5,0.5,0.2,0.8,1.7,6.9,.451,.597,.361,.767,.584,.563,G,hylanbo01
200,Gary Payton II,1.2,2025-26,33,GSW,38,1,0,12.6,2.3,4.2,2.0,3.1,0.3,1.1,0.2,0.3,1.2,2.1,3.2,1.6,0.6,0.3,0.8,1.5,5.0,.544,.647,.262,.583,.582,.579,G,paytoga02
Rk,Player,WS,Season,Age,Team,G,GS,AS,MP,FG,FGA,2P,2PA,3P,3PA,FT,FTA,ORB,DRB,TRB,AST,STL,BLK,TOV,PF,PTS,FG%,2P%,3P%,FT%,TS%,eFG%,Pos,-9999
201,Adem Bona,1.2,2025-26,22,PHI,31,3,0,16.9,1.4,2.4,1.3,2.2,0.1,0.2,1.2,1.8,1.7,2.1,3.8,0.3,0.3,1.4,0.7,2.1,4.0,.581,.594,.400,.673,.636,.595,C-F,bonaad01
202,Nae'Qwan Tomlin,1.2,2025-26,25,CLE,32,2,0,15.6,2.4,5.1,2.0,3.3,0.4,1.8,0.9,1.2,1.3,1.7,2.9,0.8,0.7,0.7,0.3,1.9,6.2,.479,.610,.241,.718,.550,.521,F,tomlina01
203,Bones Hyland,1.2,2025-26,25,MIN,33,3,0,14.0,2.4,5.4,1.2,2.1,1.2,3.3,0.7,1.0,0.2,1.2,1.4,2.6,0.5,0.2,0.8,1.6,6.7,.447,.594,.355,.719,.575,.556,G,hylanbo01
204,Trayce Jackson-Davis,1.2,2025-26,25,GSW,29,1,0,12.3,1.8,3.1,1.8,3.1,0.0,0.0,0.9,1.5,1.6,2.1,3.7,1.0,0.3,0.6,0.5,1.2,4.5,.584,.584,,.591,.600,.584,F,jackstr02
205,Bruce Brown,1.2,2025-26,29,DEN,41,2,0,24.7,2.8,6.1,2.3,4.6,0.5,1.5,1.1,1.5,1.1,3.1,4.2,2.1,1.0,0.2,1.0,2.4,7.1,.452,.495,.317,.767,.526,.490,G-F,brownbr01
206,Daniss Jenkins,1.2,2025-26,24,DET,32,6,0,16.1,2.7,6.3,1.8,3.9,1.0,2.4,1.2,1.4,0.6,1.2,1.8,3.3,0.9,0.1,1.3,1.3,7.6,.431,.452,.397,.804,.544,.507,G,jenkida01
207,Kris Murray,1.2,2025-26,25,POR,34,11,0,25.7,2.3,5.1,1.7,2.9,0.6,2.3,0.9,1.2,1.8,2.2,4.0,1.2,1.2,0.4,0.9,2.0,6.1,.446,.598,.256,.738,.535,.503,F,murrakr01
208,Jamaree Bouyea,1.1,2025-26,26,PHO,19,0,0,14.7,3.1,5.5,2.3,3.5,0.8,2.1,0.6,0.8,0.5,1.5,2.1,1.7,0.6,0.4,0.4,0.7,7.6,.562,.652,.410,.688,.647,.638,G,bouyeja01
209,Isaac Okoro,1.1,2025-26,25,CHI,33,33,0,25.2,3.2,6.8,2.2,3.6,1.1,3.2,1.1,1.5,1.1,1.6,2.7,1.5,0.6,0.5,0.6,2.7,8.6,.473,.592,.337,.771,.579,.551,G-F,okorois01
210,Jusuf Nurkić,1.1,2025-26,31,UTA,32,27,0,25.9,4.2,8.2,3.6,6.7,0.6,1.6,1.6,2.8,2.8,7.3,10.0,4.3,1.4,0.4,2.4,3.2,10.4,.506,.540,.360,.556,.552,.540,C,nurkiju01
211,Gradey Dick,1.1,2025-26,22,TOR,43,0,0,16.2,2.3,5.4,1.4,2.6,0.9,2.9,1.1,1.3,0.6,1.6,2.2,0.7,0.7,0.1,0.5,1.4,6.6,.419,.545,.306,.842,.544,.500,G,dickgr01
212,Kenrich Williams,1.1,2025-26,31,OKC,22,0,0,13.9,2.2,4.3,1.4,2.1,0.9,2.2,0.3,0.6,0.8,2.1,2.9,1.4,0.6,0.1,0.5,1.1,5.6,.521,.652,.396,.462,.617,.622,G-F,willike04
213,Jrue Holiday,1.1,2025-26,35,POR,15,13,0,30.5,5.7,13.1,3.3,6.3,2.4,6.7,1.7,2.1,1.3,3.8,5.1,7.3,1.5,0.2,2.7,1.8,15.5,.434,.516,.356,.813,.552,.526,G,holidjr01
214,Branden Carlson,1.1,2025-26,26,OKC,30,2,0,10.9,2.0,3.8,1.4,2.0,0.6,1.8,0.3,0.6,0.6,1.9,2.5,0.6,0.2,0.5,0.4,0.9,5.0,.530,.689,.352,.529,.612,.613,C,carlsbr01
215,Dwight Powell,1.1,2025-26,34,DAL,28,3,0,13.3,0.9,1.4,0.9,1.4,0.0,0.0,1.0,1.5,1.2,2.1,3.3,0.9,0.5,0.4,0.5,1.9,2.9,.667,.667,,.651,.691,.667,F-C,poweldw01
216,Ron Holland,1.1,2025-26,20,DET,37,5,0,21.0,3.1,7.5,2.4,4.8,0.6,2.7,1.6,2.1,1.1,3.3,4.4,1.4,1.4,0.4,1.4,2.1,8.5,.412,.511,.238,.782,.503,.455,F,hollaro01
217,Jaylen Clark,1.1,2025-26,24,MIN,39,0,0,14.2,1.5,3.5,1.1,2.0,0.4,1.5,0.8,1.3,0.9,1.1,2.0,0.6,0.8,0.2,0.4,1.5,4.3,.430,.526,.298,.647,.527,.493,G,clarkja02
218,Kentavious Caldwell-Pope,1.1,2025-26,32,MEM,39,13,0,21.1,2.8,7.0,1.6,3.5,1.2,3.5,1.4,1.5,0.4,2.0,2.4,2.9,0.8,0.2,1.3,1.0,8.3,.405,.463,.348,.931,.541,.493,G,caldwke01
219,CJ McCollum,1.1,2025-26,34,ATLWAS,38,35,0,30.6,6.9,15.3,4.3,8.4,2.6,6.9,2.4,3.2,0.6,2.7,3.4,3.6,0.7,0.3,1.6,2.1,18.8,.451,.511,.378,.767,.564,.536,G,mccolcj01
220,Caris LeVert,1.0,2025-26,31,DET,29,0,0,19.8,2.9,6.5,1.7,3.3,1.2,3.2,1.2,1.8,0.3,1.5,1.8,2.9,0.9,0.6,1.4,1.3,8.1,.441,.510,.370,.667,.556,.532,G-F,leverca01
221,Mouhamed Gueye,1.0,2025-26,23,ATL,41,4,0,16.1,1.9,4.1,1.4,2.3,0.5,1.8,0.5,0.9,1.2,2.4,3.5,1.0,0.8,0.6,0.6,1.8,4.7,.450,.583,.274,.629,.526,.509,F,gueyemo02
222,Derrick Jones Jr.,1.0,2025-26,28,LAC,17,13,0,24.2,3.8,6.9,2.5,3.6,1.3,3.2,1.4,1.8,0.9,1.8,2.6,1.2,0.8,1.1,0.8,2.1,10.4,.556,.694,.400,.774,.674,.650,F,jonesde02
223,Zach LaVine,1.0,2025-26,30,SAC,30,29,0,32.8,7.0,14.4,4.3,7.7,2.7,6.8,3.1,3.6,0.2,2.9,3.1,2.3,0.7,0.3,2.1,2.2,19.9,.487,.565,.399,.879,.622,.581,G-F,lavinza01
224,Jaylen Wells,1.0,2025-26,22,MEM,40,40,0,27.2,4.1,10.1,2.4,4.9,1.7,5.2,2.0,2.6,0.9,2.6,3.5,1.8,0.9,0.1,1.1,2.1,11.8,.401,.485,.322,.777,.524,.484,F,wellsja01
225,Jaden Ivey,1.0,2025-26,23,DET,24,2,0,16.9,3.2,6.9,2.1,3.7,1.1,3.2,1.1,1.3,0.6,1.6,2.2,1.8,0.5,0.3,0.9,1.3,8.6,.467,.562,.355,.813,.578,.548,G,iveyja01
226,Thomas Bryant,1.0,2025-26,28,CLE,30,0,0,9.3,1.7,3.3,1.2,1.7,0.5,1.6,0.8,1.0,0.8,1.8,2.6,0.4,0.2,0.4,0.3,1.1,4.7,.520,.686,.340,.828,.641,.602,C,bryanth01
227,Noah Clowney,1.0,2025-26,21,BRK,39,33,0,28.5,4.0,10.3,1.9,3.6,2.1,6.6,3.2,4.0,1.0,3.2,4.1,1.9,0.8,0.8,1.8,2.8,13.3,.389,.514,.320,.794,.552,.493,F,clownno01
228,Kevin Huerter,1.0,2025-26,27,CHI,36,10,0,23.9,4.4,9.5,2.8,4.4,1.6,5.2,1.1,1.4,0.5,3.2,3.7,2.4,0.8,0.6,1.2,2.1,11.4,.458,.637,.306,.769,.562,.541,G,huertke01
229,Nicolas Batum,1.0,2025-26,37,LAC,40,4,0,20.4,1.6,3.9,0.1,0.2,1.5,3.7,0.2,0.3,0.4,2.2,2.6,0.8,0.8,0.5,0.6,1.8,4.9,.409,.375,.411,.818,.614,.604,F-G,batumni01
230,Tyus Jones,1.0,2025-26,29,ORL,41,8,0,16.4,1.2,3.4,0.6,1.2,0.6,2.2,0.1,0.1,0.2,0.9,1.1,2.4,0.8,0.1,0.3,0.6,3.2,.348,.460,.286,1.000,.453,.440,G,jonesty01
231,Zaccharie Risacher,1.0,2025-26,20,ATL,36,36,0,24.6,4.3,9.4,2.8,5.0,1.6,4.4,0.9,1.5,0.9,2.4,3.3,1.4,0.9,0.5,0.9,2.2,11.2,.462,.553,.358,.642,.558,.546,F,risacza01
232,Jordan Miller,1.0,2025-26,26,LAC,20,0,0,17.4,2.7,5.0,1.8,3.0,0.9,2.1,1.4,1.7,0.8,2.2,2.9,1.5,0.6,0.2,0.8,0.7,7.6,.530,.593,.439,.818,.659,.620,G,millejo02
233,Trendon Watford,0.9,2025-26,25,PHI,19,4,0,16.9,2.6,4.9,2.2,3.8,0.4,1.1,1.3,1.6,0.9,2.9,3.8,3.1,0.3,0.2,1.2,2.2,6.9,.538,.575,.400,.800,.621,.581,F,watfotr01
234,Zach Edey,0.9,2025-26,23,MEM,11,11,0,25.8,5.6,8.9,5.5,8.5,0.1,0.5,2.3,2.9,3.9,7.2,11.1,1.1,0.6,1.9,2.4,3.4,13.6,.633,.656,.200,.781,.669,.638,C,edeyza01
235,P.J. Washington,0.9,2025-26,27,DAL,31,31,0,31.4,5.5,12.1,4.2,7.9,1.3,4.2,2.4,3.5,1.4,6.0,7.4,1.9,1.0,1.4,2.2,2.3,14.6,.455,.531,.310,.685,.539,.508,F,washipj01
236,Hugo González,0.9,2025-26,19,BOS,35,2,0,14.9,1.6,3.3,1.1,1.9,0.5,1.4,0.3,0.5,0.9,2.4,3.3,0.6,0.6,0.3,0.6,1.9,3.9,.487,.591,.347,.529,.563,.561,G-F,gonzahu01
237,Draymond Green,0.9,2025-26,35,GSW,35,35,0,26.9,3.1,7.3,1.6,2.9,1.5,4.4,0.9,1.3,0.7,5.2,5.9,5.2,0.9,0.7,2.9,3.1,8.5,.425,.564,.333,.681,.544,.526,F,greendr01
238,Al Horford,0.9,2025-26,39,GSW,23,1,0,19.3,2.3,6.1,0.8,1.8,1.5,4.3,0.4,0.4,1.0,3.8,4.8,2.0,0.8,1.0,1.0,1.1,6.7,.383,.463,.350,1.000,.526,.507,C-F,horfoal01
239,Kelly Oubre Jr.,0.9,2025-26,30,PHI,18,13,0,31.6,4.9,10.4,3.3,5.7,1.6,4.8,1.9,2.4,1.1,3.7,4.8,1.1,1.1,0.8,1.4,2.7,13.4,.473,.588,.337,.795,.584,.551,F,oubreke01
240,John Konchar,0.9,2025-26,29,MEM,24,0,0,12.9,1.2,2.3,0.8,1.0,0.4,1.3,0.3,0.5,0.5,2.3,2.8,1.3,0.8,0.3,0.3,0.9,3.0,.500,.720,.323,.636,.600,.589,G,konchjo01
241,Brandon Williams,0.9,2025-26,26,DAL,36,10,0,22.2,4.2,9.5,3.7,6.9,0.5,2.6,3.1,3.9,0.5,2.3,2.9,3.7,1.1,0.3,1.9,1.8,11.9,.442,.538,.183,.787,.532,.466,G,willibr03
242,Karlo Matković,0.9,2025-26,24,NOP,31,2,0,12.5,2.2,3.5,1.7,2.5,0.4,1.0,0.3,0.5,0.8,2.4,3.2,0.7,0.3,0.8,0.5,1.5,5.0,.620,.711,.406,.533,.676,.681,F-C,matkoka01
243,Tyler Herro,0.9,2025-26,26,MIA,11,10,0,31.7,8.2,16.5,6.0,10.4,2.2,6.1,3.4,3.7,0.5,4.2,4.7,2.7,1.0,0.5,1.5,2.0,21.9,.497,.579,.358,.902,.605,.564,G,herroty01
244,Tony Bradley,0.9,2025-26,28,IND,34,3,0,11.0,1.4,2.6,1.4,2.6,0.0,0.0,0.9,1.2,1.6,1.2,2.8,0.6,0.1,0.2,0.4,1.7,3.8,.544,.551,.000,.738,.595,.544,F-C,bradlto01
245,Bryce McGowens,0.9,2025-26,23,NOP,28,11,0,19.6,2.6,5.4,1.7,3.5,0.9,1.9,1.7,2.3,0.3,1.7,2.0,1.3,0.6,0.1,0.5,1.9,7.7,.480,.495,.453,.750,.606,.560,G-F,mcgowbr01
246,Dennis Schröder,0.9,2025-26,32,SAC,32,12,0,27.0,4.4,10.6,3.0,6.4,1.5,4.2,2.7,3.3,0.5,2.7,3.2,5.7,0.8,0.2,1.9,1.7,13.0,.418,.461,.351,.804,.539,.487,G,schrode01
247,Egor Dёmin,0.8,2025-26,19,BRK,35,28,0,24.7,3.5,8.8,1.1,2.6,2.4,6.1,0.9,1.1,0.5,2.6,3.1,3.5,0.9,0.3,1.8,1.8,10.4,.404,.424,.395,.838,.563,.542,G,demineg01
248,Simone Fontecchio,0.8,2025-26,30,MIA,38,1,0,16.1,2.5,6.5,0.8,1.9,1.7,4.6,1.2,1.5,0.5,2.2,2.7,1.4,0.4,0.1,0.8,1.4,7.9,.385,.444,.360,.810,.550,.512,F,fontesi01
249,Trae Young,0.8,2025-26,27,ATL,10,10,0,28.0,5.6,13.5,3.8,7.6,1.8,5.9,6.3,7.3,0.0,1.5,1.5,8.9,1.0,0.1,2.6,2.0,19.3,.415,.500,.305,.863,.577,.481,G,youngtr01
250,Dylan Harper,0.8,2025-26,19,SAS,31,0,0,21.4,4.2,9.7,3.5,7.1,0.6,2.6,1.6,2.2,0.8,2.4,3.2,3.5,1.0,0.2,1.5,2.0,10.5,.427,.493,.247,.731,.493,.460,G,harpedy01
251,Tidjane Salaün,0.8,2025-26,20,CHO,26,0,0,16.1,2.2,4.5,1.2,2.1,1.0,2.4,0.7,1.0,0.7,3.4,4.1,0.8,0.4,0.2,0.7,1.5,6.2,.496,.582,.419,.704,.625,.607,F,salauti01
252,Jabari Walker,0.8,2025-26,23,PHI,38,6,0,12.6,1.4,3.3,1.1,1.9,0.3,1.4,0.8,1.2,1.3,2.0,3.3,0.5,0.2,0.3,0.4,1.7,4.0,.421,.556,.241,.727,.519,.472,F-C,walkeja01
253,Shaedon Sharpe,0.8,2025-26,22,POR,38,32,0,29.9,8.1,17.9,6.2,11.9,1.9,5.9,3.4,4.3,1.1,3.4,4.5,2.7,1.5,0.1,3.0,1.9,21.5,.454,.515,.329,.780,.544,.508,G,sharpsh01
254,Landry Shamet,0.8,2025-26,28,NYK,16,6,0,20.6,2.8,6.3,0.9,1.7,1.9,4.6,1.7,2.1,0.4,1.4,1.9,1.1,0.4,0.2,0.4,1.3,9.1,.440,.519,.411,.794,.631,.590,G,shamela01
255,Noah Penda,0.8,2025-26,21,ORL,26,2,0,14.1,1.8,4.1,1.1,2.5,0.7,1.6,0.7,1.1,1.7,2.5,4.2,1.2,0.5,0.5,0.8,1.3,5.0,.443,.446,.439,.586,.543,.528,G-F,pendano01
256,Marcus Smart,0.8,2025-26,31,LAL,30,23,0,28.6,3.0,7.7,1.5,2.6,1.5,5.1,1.8,2.0,0.7,2.5,3.1,3.0,1.4,0.4,1.7,2.8,9.4,.394,.577,.301,.915,.549,.494,G,smartma01
257,Baylor Scheierman,0.8,2025-26,25,BOS,35,1,0,11.7,1.0,2.0,0.3,0.4,0.7,1.6,0.1,0.1,0.3,1.3,1.7,0.6,0.5,0.1,0.4,1.4,2.7,.493,.786,.418,.800,.667,.659,G,scheiba01
258,Jarred Vanderbilt,0.8,2025-26,26,LAL,30,3,0,19.9,1.9,4.0,1.4,2.3,0.5,1.7,0.7,1.0,1.7,3.5,5.2,1.3,0.8,0.3,1.2,2.0,5.1,.471,.594,.308,.710,.564,.537,F,vandeja01
259,Zeke Nnaji,0.8,2025-26,25,DEN,28,1,0,12.4,1.4,2.9,1.1,1.7,0.4,1.1,1.1,1.4,0.5,1.8,2.4,0.5,0.5,0.4,0.5,1.2,4.3,.500,.625,.313,.816,.626,.563,F,nnajize01
260,Kelly Olynyk,0.8,2025-26,34,SAS,26,0,0,9.7,1.3,2.6,0.9,1.2,0.3,1.4,0.8,1.1,0.7,1.3,2.0,1.3,0.5,0.0,0.5,1.2,3.7,.485,.750,.250,.714,.591,.551,C-F,olynyke01
261,Aaron Holiday,0.8,2025-26,29,HOU,30,1,0,14.0,1.9,4.8,0.7,1.5,1.3,3.3,0.8,1.0,0.1,0.7,0.8,1.0,0.4,0.1,0.7,1.4,6.0,.400,.444,.380,.862,.567,.531,G,holidaa01
262,Jalen Pickett,0.8,2025-26,26,DEN,26,8,0,16.8,2.3,5.0,1.1,2.3,1.2,2.7,0.2,0.2,0.5,2.0,2.5,2.3,0.3,0.1,0.8,0.9,6.0,.465,.492,.443,1.000,.595,.585,G,pickeja02
263,Kyle Filipowski,0.8,2025-26,22,UTA,40,14,0,22.0,3.5,7.5,2.7,4.9,0.8,2.6,1.5,2.2,1.6,4.5,6.0,2.0,0.7,0.5,1.2,2.7,9.2,.460,.541,.308,.698,.545,.513,F-C,filipky01
264,Asa Newell,0.7,2025-26,20,ATL,31,0,0,10.6,1.9,3.5,1.2,1.7,0.8,1.7,0.3,0.6,0.8,1.1,2.0,0.6,0.4,0.3,0.5,1.6,5.0,.556,.667,.444,.526,.662,.667,F,newelas01
265,Ziaire Williams,0.7,2025-26,24,BRK,29,4,0,22.6,2.9,7.0,1.3,2.0,1.6,5.1,1.8,2.1,0.6,1.8,2.4,0.7,1.1,0.5,1.0,2.0,9.1,.407,.649,.313,.867,.573,.520,F,willizi02
266,Jase Richardson,0.7,2025-26,20,ORL,28,0,0,11.8,2.2,4.3,1.4,2.6,0.8,1.8,0.8,1.1,0.5,0.9,1.4,1.3,0.3,0.1,0.6,1.0,5.9,.504,.556,.429,.700,.611,.591,G,richaja02
267,Jonathan Isaac,0.7,2025-26,28,ORL,34,0,0,10.4,1.0,2.3,0.9,1.4,0.2,0.9,0.8,1.3,0.9,1.9,2.8,0.3,0.4,0.5,0.3,0.8,3.0,.449,.604,.200,.605,.526,.487,F,isaacjo01
268,Ochai Agbaji,0.7,2025-26,25,TOR,34,12,0,16.2,1.8,4.2,1.4,2.6,0.4,1.6,0.7,0.8,0.7,1.6,2.4,0.8,0.4,0.3,0.4,1.9,4.6,.427,.557,.218,.889,.510,.469,G,agbajoc01
269,Jose Alvarado,0.7,2025-26,27,NOP,35,0,0,22.2,2.9,6.8,1.3,2.4,1.6,4.4,0.5,0.7,0.4,2.4,2.8,3.3,1.0,0.1,1.3,2.1,7.9,.424,.542,.361,.826,.558,.542,G,alvarjo01
270,Kevin Love,0.7,2025-26,37,UTA,23,4,0,17.3,2.3,5.8,0.9,1.7,1.5,4.2,1.0,1.3,1.6,3.9,5.4,1.9,0.3,0.3,0.7,1.9,7.2,.403,.526,.354,.800,.564,.530,F-C,loveke01
271,Gary Harris,0.7,2025-26,31,MIL,31,0,0,14.6,1.0,2.0,0.4,0.8,0.6,1.2,0.2,0.2,0.3,1.2,1.5,1.0,0.6,0.2,0.4,1.2,2.7,.508,.520,.500,1.000,.672,.656,G,harriga01
272,Domantas Sabonis,0.7,2025-26,29,SAC,12,11,0,32.2,6.6,12.6,6.3,10.8,0.3,1.8,3.3,4.7,3.1,8.7,11.8,3.8,1.2,0.3,2.7,3.8,16.8,.523,.577,.190,.714,.575,.536,C-F,sabondo01
273,Gui Santos,0.7,2025-26,23,GSW,33,2,0,11.3,1.3,2.8,0.7,1.0,0.6,1.8,0.5,0.7,0.8,1.6,2.4,1.0,0.5,0.2,0.8,1.2,3.7,.467,.647,.362,.667,.600,.582,F,santogu01
274,Moussa Cisse,0.7,2025-26,23,DAL,23,1,0,11.1,1.3,2.0,1.3,2.0,0.0,0.0,0.7,1.6,1.8,2.5,4.3,0.2,0.3,1.1,0.7,1.7,3.3,.638,.638,,.444,.605,.638,C,cissemo01
275,Isaiah Collier,0.7,2025-26,21,UTA,33,4,0,23.2,3.2,6.3,2.7,4.9,0.4,1.4,1.9,2.8,0.4,1.9,2.3,6.8,0.7,0.3,2.3,2.2,8.6,.502,.556,.311,.674,.574,.536,G,colliis01
276,Jericho Sims,0.7,2025-26,27,MIL,30,4,0,14.4,1.4,1.6,1.4,1.6,0.0,0.0,0.3,0.4,1.3,2.5,3.8,0.6,0.2,0.2,1.0,1.7,3.0,.837,.837,,.615,.822,.837,F,simsje01
277,Svi Mykhailiuk,0.7,2025-26,28,UTA,35,35,0,24.8,3.4,7.2,1.5,2.4,1.9,4.8,0.4,0.5,0.8,1.8,2.6,2.0,0.5,0.1,0.8,1.3,9.0,.466,.631,.385,.882,.607,.595,G-F,mykhasv01
278,Brandon Miller,0.7,2025-26,23,CHO,24,24,0,30.3,6.8,16.7,4.0,8.9,2.7,7.8,3.2,3.8,1.1,3.1,4.2,3.5,1.0,1.1,2.5,2.9,19.4,.405,.455,.348,.835,.528,.486,F-G,millebr02
279,Pat Spencer,0.7,2025-26,29,GSW,27,3,0,14.3,2.1,5.4,1.6,3.7,0.6,1.6,0.8,0.9,0.7,1.3,2.0,3.0,0.7,0.0,0.9,1.2,5.7,.400,.416,.364,.875,.492,.455,G,spencpa01
280,Tyler Kolek,0.6,2025-26,24,NYK,36,1,0,13.6,2.0,4.7,1.4,2.7,0.7,2.0,0.3,0.4,0.4,1.7,2.0,2.9,0.4,0.1,1.0,1.5,5.0,.432,.510,.329,.667,.513,.503,G,kolekty01
281,Ryan Nembhard,0.6,2025-26,22,DAL,29,17,0,20.6,3.2,6.9,2.2,4.4,1.0,2.5,0.2,0.3,0.2,1.7,1.9,5.3,0.2,0.0,1.6,1.5,7.6,.463,.508,.384,.778,.539,.532,G,nembhry01
282,Walter Clayton,0.6,2025-26,22,UTA,36,0,0,17.9,2.4,5.8,1.3,2.4,1.1,3.3,1.4,1.5,0.3,1.7,2.0,3.3,0.6,0.2,1.2,1.8,7.3,.413,.523,.333,.962,.568,.510,G,claytwa01
283,Bennedict Mathurin,0.6,2025-26,23,IND,24,24,0,32.2,5.6,13.2,3.4,7.2,2.2,6.0,4.4,5.0,0.8,4.7,5.5,2.2,0.7,0.2,2.4,2.9,17.8,.423,.471,.366,.876,.577,.506,G-F,mathube01
284,Jordan Clarkson,0.6,2025-26,33,NYK,41,0,0,20.1,3.7,8.6,2.3,4.5,1.4,4.1,1.1,1.4,0.8,1.0,1.8,1.4,0.5,0.1,1.1,1.9,10.0,.435,.525,.337,.807,.542,.516,G,clarkjo01
285,Keaton Wallace,0.6,2025-26,26,ATL,35,2,0,12.2,1.5,3.6,0.6,1.3,0.9,2.3,0.1,0.3,0.1,1.2,1.3,2.2,0.6,0.1,0.6,1.0,4.2,.425,.447,.413,.500,.556,.555,G,wallake01
286,Johnny Furphy,0.6,2025-26,21,IND,24,10,0,16.9,2.0,4.0,1.3,2.0,0.7,2.0,0.5,1.1,0.8,3.0,3.8,0.8,0.5,0.2,0.6,1.7,5.3,.516,.667,.362,.500,.601,.605,G-F,furphjo01
287,Jeremy Sochan,0.6,2025-26,22,SAS,26,0,0,13.5,1.8,3.8,1.5,2.4,0.3,1.3,0.4,0.6,1.0,1.8,2.8,1.1,0.4,0.2,0.7,1.9,4.4,.480,.603,.257,.688,.543,.526,F-G,sochaje01
288,Russell Westbrook,0.6,2025-26,37,SAC,42,36,0,29.5,5.5,12.8,3.5,7.2,2.0,5.7,2.0,2.9,1.5,4.8,6.4,7.0,1.3,0.2,3.4,2.5,15.1,.430,.488,.357,.683,.534,.509,G,westbru01
289,Lonzo Ball,0.6,2025-26,28,CLE,29,3,0,21.8,1.7,5.4,0.4,1.0,1.2,4.4,0.5,0.7,0.9,3.2,4.0,4.2,1.3,0.3,1.5,1.3,5.0,.306,.464,.271,.700,.437,.417,G,balllo01
290,Corey Kispert,0.6,2025-26,26,ATLWAS,22,2,0,19.2,3.0,6.3,1.5,2.2,1.5,4.1,1.5,1.9,0.3,1.9,2.2,1.6,0.5,0.1,0.9,1.0,9.0,.475,.653,.378,.762,.629,.597,G-F,kispeco01
291,Jae'Sean Tate,0.6,2025-26,30,HOU,24,0,0,7.7,1.2,2.3,0.9,1.5,0.3,0.7,0.1,0.1,0.7,0.8,1.5,0.5,0.2,0.1,0.2,1.2,2.7,.519,.595,.353,1.000,.587,.574,F,tateja01
292,Brice Sensabaugh,0.6,2025-26,22,UTA,40,9,0,20.7,4.0,8.8,2.4,3.9,1.7,4.9,1.7,2.0,0.8,2.1,2.9,1.5,0.7,0.1,1.3,1.8,11.4,.453,.603,.335,.885,.587,.547,F,sensabr01
293,Buddy Hield,0.6,2025-26,33,GSW,35,3,0,16.7,2.7,6.4,1.3,2.2,1.4,4.2,0.5,0.6,0.6,1.8,2.4,1.4,0.8,0.1,1.0,1.3,7.2,.415,.592,.324,.900,.541,.522,G-F,hieldbu01
294,Micah Potter,0.6,2025-26,27,IND,11,2,0,16.9,2.3,4.6,0.9,1.5,1.4,3.2,1.7,1.8,0.7,2.7,3.5,1.3,0.3,0.3,0.7,1.9,7.6,.490,.625,.429,.950,.702,.637,C,pottemi01
295,Ben Sheppard,0.6,2025-26,24,IND,31,11,0,23.4,2.3,6.1,1.1,2.4,1.2,3.7,0.7,0.9,0.7,2.9,3.6,1.8,0.6,0.1,0.5,1.9,6.4,.376,.467,.316,.778,.495,.471,G,sheppbe01
296,Liam McNeeley,0.6,2025-26,20,CHO,27,0,0,12.4,1.3,3.2,0.4,1.0,0.8,2.1,0.9,1.1,0.4,1.8,2.2,0.9,0.2,0.1,0.4,1.3,4.3,.395,.429,.379,.806,.577,.523,G-F,mcneeli01
297,Ousmane Dieng,0.5,2025-26,22,OKC,19,0,0,11.7,1.5,3.4,0.7,1.6,0.8,1.8,0.3,0.3,0.3,1.4,1.7,0.9,0.1,0.3,0.3,1.0,4.1,.438,.433,.441,1.000,.578,.555,F,diengou01
298,Dylan Cardwell,0.5,2025-26,24,SAC,15,1,0,17.9,1.8,3.5,1.8,3.5,0.0,0.1,0.8,1.6,2.7,3.6,6.3,0.9,0.7,1.5,0.7,3.6,4.4,.509,.519,.000,.500,.519,.509,C,cardwdy01
299,Zach Collins,0.5,2025-26,28,CHI,10,0,0,18.4,3.7,6.4,2.8,4.3,0.9,2.1,1.4,2.0,1.6,4.0,5.6,1.5,0.2,0.4,1.0,1.8,9.7,.578,.651,.429,.700,.666,.648,C-F,colliza01
300,Kyle Anderson,0.5,2025-26,32,UTA,14,0,0,20.3,3.1,6.1,3.0,5.9,0.1,0.2,1.4,2.2,1.1,2.7,3.8,3.0,1.4,0.4,0.9,2.2,7.9,.518,.512,.667,.645,.558,.529,F-G,anderky01
301,Yanic Konan Niederhäuser,0.5,2025-26,22,LAC,23,0,0,8.7,1.3,2.0,1.3,2.0,0.0,0.0,0.9,1.3,0.8,1.3,2.1,0.3,0.1,0.4,0.5,1.2,3.6,.660,.674,.000,.645,.676,.660,F,konanya01
302,Caleb Love,0.5,2025-26,24,POR,34,1,0,21.6,4.0,10.2,1.9,4.0,2.1,6.3,0.9,1.2,0.5,2.2,2.7,2.5,0.6,0.1,1.2,1.3,10.9,.388,.481,.329,.732,.505,.489,G,loveca01
303,Jamison Battle,0.5,2025-26,24,TOR,30,2,0,8.6,1.3,2.4,0.7,1.0,0.6,1.3,0.2,0.3,0.3,1.2,1.5,0.4,0.2,0.0,0.4,0.7,3.4,.563,.710,.450,.625,.691,.690,F,battlja01
304,Taylor Hendricks,0.5,2025-26,22,UTA,29,6,0,15.5,1.9,4.0,1.1,1.8,0.8,2.1,0.8,1.0,0.9,2.2,3.1,0.7,0.4,0.3,0.6,1.2,5.3,.470,.585,.371,.767,.601,.570,F,hendrta01
305,Quenton Jackson,0.5,2025-26,27,IND,19,8,0,15.6,2.4,5.2,1.7,3.3,0.7,1.9,2.0,2.6,0.4,1.6,2.0,1.9,0.6,0.2,1.1,1.6,7.6,.465,.516,.378,.776,.597,.535,G,jacksqu01
306,Sidy Cissoko,0.5,2025-26,21,POR,37,17,0,20.9,2.0,5.2,0.9,1.9,1.1,3.3,0.9,1.3,0.9,1.3,2.2,1.5,0.7,0.2,1.1,2.7,6.0,.387,.478,.336,.723,.527,.495,G,cissosi01
307,Olivier-Maxence Prosper,0.5,2025-26,23,MEM,20,0,0,11.3,1.6,3.2,1.2,2.1,0.4,1.1,1.3,1.4,0.6,1.7,2.3,0.8,0.2,0.1,0.6,0.8,4.8,.484,.571,.318,.929,.622,.539,F,prospol01
308,Kyshawn George,0.5,2025-26,22,WAS,31,31,0,31.2,5.5,11.8,3.4,6.3,2.1,5.5,1.8,2.5,0.9,4.7,5.6,4.8,1.0,0.8,3.0,4.1,14.9,.466,.531,.391,.750,.581,.556,G,georgky01
309,Caleb Martin,0.5,2025-26,30,DAL,35,1,0,11.0,1.0,2.2,0.9,1.7,0.1,0.6,0.3,0.5,0.5,1.3,1.8,1.3,0.6,0.1,0.5,1.4,2.5,.449,.517,.250,.632,.504,.481,F,martica02
310,Ariel Hukporti,0.5,2025-26,23,NYK,27,4,0,9.2,0.6,1.1,0.6,1.1,0.0,0.0,0.4,0.7,1.1,1.6,2.7,0.6,0.2,0.6,0.5,1.3,1.6,.516,.533,.000,.667,.565,.516,C,hukpoar01
311,Josh Green,0.5,2025-26,25,CHO,17,0,0,15.9,1.6,3.9,0.5,0.9,1.1,3.0,0.1,0.2,0.9,0.9,1.8,1.1,0.6,0.1,0.4,0.9,4.5,.424,.600,.373,.500,.568,.568,G-F,greenjo02
312,Walker Kessler,0.5,2025-26,24,UTA,5,5,0,30.8,5.2,7.4,4.0,5.8,1.2,1.6,2.8,4.0,4.6,6.2,10.8,3.0,1.4,1.8,3.2,4.4,14.4,.703,.690,.750,.700,.786,.784,C,kesslwa01
313,Marcus Sasser,0.5,2025-26,25,DET,10,0,0,8.8,1.7,3.4,0.6,1.1,1.1,2.3,0.7,0.7,0.1,1.0,1.1,1.9,0.6,0.2,0.7,1.0,5.2,.500,.545,.478,1.000,.701,.662,G,sassema01
314,Danny Wolf,0.5,2025-26,21,BRK,25,3,0,19.4,2.7,6.9,1.6,3.8,1.1,3.1,1.0,1.3,1.1,3.2,4.3,1.8,0.7,0.4,1.0,1.7,7.6,.393,.417,.364,.813,.508,.474,F-C,wolfda01
315,Garrison Mathews,0.4,2025-26,29,IND,15,1,0,13.1,1.4,3.5,0.3,0.4,1.1,3.1,1.3,1.5,0.1,1.0,1.1,0.7,0.4,0.2,0.2,1.3,5.2,.404,.667,.370,.826,.628,.567,G,mathega01
316,PJ Hall,0.4,2025-26,23,CHOMEM,15,2,0,10.3,1.7,2.9,1.5,2.6,0.2,0.3,0.9,1.3,1.5,1.9,3.5,0.5,0.1,0.6,0.7,1.1,4.6,.591,.590,.600,.700,.653,.625,F,hallpj01
317,De'Anthony Melton,0.4,2025-26,27,GSW,17,0,0,20.7,3.6,8.8,2.3,4.4,1.4,4.5,1.6,2.0,0.6,1.9,2.5,1.8,1.4,0.6,1.3,2.3,10.2,.413,.527,.303,.794,.527,.490,G,meltode01
318,Duop Reath,0.4,2025-26,29,POR,30,0,0,7.8,1.1,2.4,0.3,0.6,0.8,1.8,0.1,0.1,0.3,0.8,1.1,0.3,0.2,0.2,0.2,0.9,3.0,.451,.500,.434,.667,.615,.613,C,reathdu01
319,Tyrese Martin,0.4,2025-26,26,BRK,31,6,0,19.6,2.9,7.2,1.4,3.0,1.5,4.3,0.5,0.8,0.9,2.0,3.0,2.1,0.7,0.1,1.0,1.0,7.7,.397,.478,.341,.708,.512,.498,G,martity01
320,Christian Braun,0.4,2025-26,24,DEN,14,14,0,28.9,3.6,7.9,3.1,5.6,0.5,2.4,1.7,2.3,1.4,2.8,4.2,2.5,0.6,0.4,1.2,2.1,9.5,.459,.564,.212,.750,.532,.491,G,braunch01
321,Drake Powell,0.4,2025-26,20,BRK,29,4,0,18.8,2.2,4.9,1.5,2.6,0.7,2.3,1.0,1.2,0.2,1.4,1.6,1.7,0.6,0.2,1.0,1.5,6.2,.455,.587,.309,.882,.573,.528,G-F,poweldr01
322,Justin Edwards,0.4,2025-26,22,PHI,31,5,0,14.9,1.7,4.6,0.7,1.6,1.0,3.1,0.5,0.5,0.5,1.1,1.6,1.2,0.7,0.2,0.7,1.6,5.0,.375,.469,.326,.882,.508,.483,G,edwarju01
323,Pat Connaughton,0.4,2025-26,33,CHO,18,0,0,7.4,1.1,2.1,0.5,0.7,0.6,1.4,0.4,0.6,0.3,1.2,1.4,0.5,0.3,0.1,0.2,0.3,3.1,.500,.692,.400,.636,.642,.632,G,connapa01
324,Chaz Lanier,0.4,2025-26,24,DET,16,0,0,9.6,1.1,3.0,0.2,0.4,0.9,2.6,0.3,0.3,0.4,0.6,0.9,0.8,0.3,0.0,0.1,0.3,3.3,.354,.429,.341,1.000,.528,.500,G,laniech01
325,Vince Williams Jr.,0.4,2025-26,25,MEM,26,11,0,21.8,2.7,7.6,1.3,3.2,1.3,4.4,1.1,1.3,0.8,3.3,4.2,4.8,0.7,0.5,2.0,2.2,7.8,.354,.422,.304,.829,.478,.442,F,willivi01
326,Jett Howard,0.4,2025-26,22,ORL,27,0,0,10.7,1.6,4.3,0.7,1.6,0.9,2.7,0.6,0.6,0.4,1.1,1.4,0.9,0.1,0.1,0.2,1.0,4.6,.368,.432,.329,.938,.504,.470,G,howarje01
327,Joan Beringer,0.4,2025-26,19,MIN,16,0,0,6.1,1.3,1.8,1.3,1.8,0.0,0.0,0.2,0.3,0.7,1.0,1.7,0.1,0.2,0.3,0.3,0.9,2.7,.714,.714,,.750,.722,.714,C,berinjo01
328,Julian Phillips,0.4,2025-26,22,CHI,28,2,0,10.2,1.1,2.6,0.6,1.1,0.5,1.5,0.2,0.2,0.7,0.7,1.4,0.3,0.5,0.2,0.2,1.1,3.0,.432,.581,.326,.833,.541,.527,F,phillju01
329,Aaron Nesmith,0.4,2025-26,26,IND,22,19,0,30.2,4.5,12.4,1.9,5.2,2.6,7.1,2.2,2.8,1.5,3.5,5.0,2.0,0.7,0.5,1.2,2.7,13.7,.360,.357,.363,.803,.505,.465,G-F,nesmiaa01
330,Kevon Looney,0.4,2025-26,29,NOP,16,6,0,14.2,1.1,2.8,1.1,2.3,0.1,0.6,0.3,0.5,2.3,2.7,5.0,1.6,0.4,0.5,0.5,1.9,2.6,.400,.472,.111,.625,.433,.411,F-C,looneke01
331,Tre Johnson,0.4,2025-26,19,WAS,33,15,0,24.4,4.6,10.1,2.5,4.8,2.1,5.2,1.3,1.5,0.5,2.5,2.9,2.0,0.7,0.3,1.6,1.8,12.6,.455,.516,.399,.917,.588,.559,G,johnstr03
332,Klay Thompson,0.4,2025-26,35,DAL,39,8,0,22.2,4.2,10.8,1.3,3.1,2.9,7.8,0.5,0.7,0.3,2.2,2.4,1.4,0.4,0.3,0.9,0.9,11.7,.384,.420,.370,.714,.525,.517,G-F,thompkl01
333,Brooks Barnhizer,0.3,2025-26,23,OKC,21,0,0,7.6,0.6,1.3,0.5,1.0,0.0,0.3,0.2,0.3,0.3,1.5,1.8,0.4,0.1,0.1,0.1,0.6,1.4,.444,.524,.167,.667,.489,.463,G,barnhbr01
334,Dereck Lively II,0.3,2025-26,21,DAL,7,4,0,16.4,1.6,2.6,1.6,2.6,0.0,0.0,1.1,1.4,2.0,3.3,5.3,1.9,0.6,1.6,1.4,3.0,4.3,.611,.611,,.800,.670,.611,C,livelde01
335,GG Jackson II,0.3,2025-26,21,MEM,20,3,0,15.0,2.4,5.4,1.6,2.6,0.8,2.8,1.1,1.5,0.4,2.4,2.8,0.7,0.8,0.4,0.9,1.4,6.7,.444,.615,.286,.759,.555,.519,F,jacksgg01
336,Gary Trent Jr.,0.3,2025-26,27,MIL,39,17,0,24.6,2.9,7.6,0.9,2.1,2.0,5.5,0.7,0.8,0.1,1.1,1.3,1.6,0.7,0.1,0.6,1.4,8.5,.379,.434,.358,.818,.528,.508,G,trentga02
337,Isaiah Livers,0.3,2025-26,27,PHO,21,0,0,10.7,0.7,2.0,0.2,0.5,0.5,1.4,0.2,0.3,0.6,1.4,2.0,0.7,0.5,0.3,0.5,1.1,2.1,.366,.455,.333,.833,.516,.488,F,liveris01
338,Chris Youngblood,0.3,2025-26,23,OKC,27,0,0,5.2,0.5,1.6,0.1,0.2,0.4,1.4,0.3,0.3,0.2,0.6,0.9,0.3,0.1,0.0,0.0,0.7,1.7,.318,.400,.308,1.000,.499,.455,G,youngch01
339,Mason Plumlee,0.3,2025-26,35,CHO,14,2,0,8.9,0.6,0.9,0.6,0.9,0.0,0.0,0.6,0.9,0.7,2.1,2.9,1.1,0.4,0.0,0.6,0.7,1.9,.750,.750,,.667,.752,.750,C-F,plumlma01
340,Malaki Branham,0.3,2025-26,22,WAS,24,0,0,9.6,1.4,3.0,1.0,1.9,0.3,1.1,1.0,1.3,0.4,1.2,1.6,0.9,0.4,0.1,0.5,0.7,4.1,.458,.556,.296,.833,.581,.514,G,branhma01
341,Malik Monk,0.3,2025-26,27,SAC,34,0,0,21.7,4.1,9.6,2.4,5.3,1.8,4.4,1.5,1.8,0.3,1.7,2.0,2.4,0.7,0.4,1.4,1.6,11.6,.430,.450,.405,.850,.554,.521,G,monkma01
342,Drew Eubanks,0.3,2025-26,28,SAC,30,11,0,14.0,2.2,3.7,2.2,3.5,0.0,0.1,0.8,1.4,0.8,1.9,2.7,0.3,0.4,0.6,0.8,1.4,5.2,.600,.613,.250,.558,.609,.605,F,eubandr01
343,Keon Ellis,0.3,2025-26,26,SAC,39,5,0,17.3,1.8,4.7,0.7,1.5,1.2,3.2,0.5,0.8,0.4,1.0,1.3,0.6,1.1,0.5,0.5,1.6,5.3,.384,.441,.357,.633,.520,.505,G,elliske01
344,Kasparas Jakučionis,0.3,2025-26,19,MIA,15,1,0,13.8,1.2,3.5,0.2,1.4,1.0,2.1,0.9,0.9,0.7,1.3,1.9,1.5,0.5,0.0,0.8,1.5,4.3,.346,.143,.484,.929,.550,.490,G,jakucka01
345,Coby White,0.3,2025-26,25,CHI,20,17,0,28.4,5.9,13.1,3.8,6.6,2.1,6.6,4.1,5.3,0.3,3.4,3.6,4.6,0.7,0.1,3.1,2.3,17.9,.447,.580,.313,.781,.579,.525,G,whiteco01
346,Bilal Coulibaly,0.3,2025-26,21,WAS,25,25,0,26.6,3.3,8.4,2.3,4.8,1.0,3.5,2.6,3.4,0.9,3.8,4.7,2.5,1.4,0.9,1.6,2.9,10.1,.392,.479,.273,.765,.513,.450,F,coulibi01
347,David Jones García,0.3,2025-26,24,SAS,11,0,0,6.2,1.2,2.3,0.9,1.8,0.3,0.5,0.3,0.5,0.4,0.8,1.2,1.6,0.5,0.1,0.5,0.5,2.9,.520,.500,.600,.500,.579,.580,F,jonesda06
348,Matisse Thybulle,0.3,2025-26,28,POR,4,0,0,12.3,1.5,2.5,0.5,1.0,1.0,1.5,1.0,1.0,0.0,1.0,1.0,0.8,2.5,0.0,0.3,1.8,5.0,.600,.500,.667,1.000,.850,.800,G,thybuma01
349,Nikola Jović,0.3,2025-26,22,MIA,30,1,0,19.5,2.8,7.3,1.7,3.5,1.1,3.8,1.8,2.4,0.5,3.3,3.9,2.8,0.7,0.4,1.8,1.8,8.5,.385,.481,.298,.750,.513,.463,G-F,jovicni01
350,Jevon Carter,0.3,2025-26,30,CHI,19,0,0,11.9,1.8,4.6,0.4,1.2,1.5,3.5,0.5,0.5,0.3,0.8,1.1,0.9,0.6,0.0,0.5,0.8,5.7,.398,.318,.424,1.000,.584,.557,G,carteje01
351,DaRon Holmes,0.3,2025-26,23,DEN,10,5,0,12.8,1.4,3.1,0.3,0.7,1.1,2.4,0.5,0.6,0.3,1.4,1.7,1.3,0.0,0.4,0.4,1.0,4.4,.452,.429,.458,.833,.654,.629,F,holmeda01
352,Tolu Smith,0.3,2025-26,25,DET,5,0,0,11.0,1.4,3.0,1.4,3.0,0.0,0.0,2.4,3.0,2.0,3.6,5.6,0.8,0.4,1.0,0.8,1.4,5.2,.467,.467,,.800,.602,.467,F,smithto05
353,Tyrese Proctor,0.3,2025-26,21,CLE,29,1,0,10.6,1.7,4.6,0.8,1.7,0.9,2.9,0.7,0.8,0.2,1.1,1.3,1.3,0.3,0.0,0.4,1.0,4.9,.368,.460,.313,.826,.500,.466,G,proctty01
354,Jordan Poole,0.3,2025-26,26,NOP,25,6,0,25.8,4.6,12.1,1.9,4.4,2.7,7.7,3.2,3.6,0.2,1.4,1.6,3.2,0.7,0.4,2.0,2.5,15.0,.377,.427,.349,.900,.550,.488,G,poolejo01
355,Herbert Jones,0.3,2025-26,27,NOP,23,23,0,28.3,3.5,8.8,2.1,4.7,1.4,4.2,1.1,1.4,1.1,2.6,3.7,2.3,1.7,0.3,1.3,3.3,9.5,.394,.449,.333,.813,.502,.473,F,joneshe01
356,Lindy Waters III,0.3,2025-26,28,SAS,24,0,0,7.4,0.8,2.1,0.1,0.3,0.6,1.8,0.0,0.0,0.1,0.8,0.9,0.4,0.2,0.0,0.1,0.7,2.2,.360,.500,.341,1.000,.515,.510,G,waterli01
357,Jeremiah Robinson-Earl,0.3,2025-26,25,DALIND,18,3,0,17.9,1.9,5.1,1.3,3.1,0.6,2.0,0.7,0.8,1.9,3.4,5.3,0.7,0.5,0.1,0.6,1.3,5.1,.374,.436,.278,.929,.468,.429,F,robinje02
358,Cam Christie,0.2,2025-26,20,LAC,27,0,0,9.4,1.1,2.8,0.7,1.6,0.4,1.2,0.9,1.2,0.3,1.3,1.7,0.6,0.2,0.1,0.3,0.5,3.5,.395,.465,.303,.727,.519,.461,G,chrisca02
359,Jonathan Mogbo,0.2,2025-26,24,TOR,16,0,0,5.3,0.6,1.0,0.6,1.0,0.0,0.0,0.1,0.2,0.4,0.8,1.2,0.6,0.1,0.2,0.1,0.3,1.3,.625,.625,,.333,.606,.625,F,mogbojo01
360,Dalen Terry,0.2,2025-26,23,CHI,26,0,0,10.2,1.2,2.7,0.8,1.5,0.4,1.1,0.2,0.3,0.5,1.1,1.7,1.0,0.7,0.3,0.6,1.0,2.9,.435,.500,.345,.556,.514,.507,G,terryda01
361,Xavier Tillman Sr.,0.2,2025-26,27,BOS,11,1,0,9.4,1.3,2.5,1.0,1.4,0.3,1.2,0.0,0.0,0.9,1.3,2.2,0.5,0.5,0.2,0.4,0.8,2.8,.500,.733,.231,,.554,.554,F,tillmxa01
362,JD Davison,0.2,2025-26,23,HOU,19,0,0,7.3,0.7,1.9,0.4,0.9,0.3,1.0,0.3,0.5,0.1,0.7,0.8,1.1,0.2,0.2,0.3,0.6,2.1,.378,.444,.316,.556,.476,.459,G,davisjd01
363,Keegan Murray,0.2,2025-26,25,SAC,19,18,0,35.9,5.8,13.6,4.5,8.8,1.3,4.8,1.6,2.0,1.6,4.5,6.1,1.5,1.2,1.6,1.2,1.9,14.6,.429,.515,.272,.789,.502,.477,F,murrake02
364,Myron Gardner,0.2,2025-26,24,MIA,13,0,0,5.2,0.8,2.0,0.5,0.9,0.3,1.1,0.3,0.3,0.8,0.7,1.5,0.4,0.4,0.1,0.1,1.2,2.2,.385,.500,.286,1.000,.504,.462,G,gardnmy01
365,Christian Koloko,0.2,2025-26,25,LALMEM,13,2,0,15.5,1.1,2.7,1.1,2.6,0.0,0.1,0.1,0.3,1.5,2.0,3.5,0.8,0.8,1.0,0.5,1.6,2.2,.400,.412,.000,.250,.394,.400,C,kolokch01
366,Nick Richards,0.2,2025-26,28,PHO,28,2,0,9.1,1.3,2.5,1.3,2.5,0.0,0.0,0.7,1.0,1.3,2.0,3.3,0.3,0.1,0.5,0.9,1.4,3.2,.493,.493,,.679,.534,.493,F-C,richani01
367,Gabe Vincent,0.2,2025-26,29,LAL,19,6,0,20.1,1.6,4.8,0.2,0.9,1.4,3.9,0.4,0.4,0.3,0.7,0.9,1.4,0.4,0.1,0.3,2.3,5.1,.337,.222,.365,1.000,.508,.484,G,vincega01
368,Ja Morant,0.2,2025-26,26,MEM,18,18,0,28.3,6.6,16.3,5.7,12.1,0.9,4.3,5.0,5.6,0.4,2.8,3.2,7.6,1.0,0.2,3.6,1.9,19.0,.401,.470,.208,.900,.506,.429,G,moranja01
369,Jordan McLaughlin,0.2,2025-26,29,SAS,17,0,0,6.2,0.9,1.9,0.5,0.9,0.4,1.1,0.2,0.3,0.2,0.4,0.6,0.8,0.5,0.0,0.5,0.5,2.4,.455,.533,.389,.800,.582,.561,G,mclaujo01
370,Guerschon Yabusele,0.2,2025-26,30,NYK,34,0,0,9.6,1.1,2.9,0.6,1.1,0.6,1.9,0.2,0.4,0.6,1.6,2.2,0.4,0.1,0.1,0.4,1.0,3.1,.394,.528,.317,.667,.508,.495,F-C,yabusgu01
371,Ethan Thompson,0.2,2025-26,26,IND,18,5,0,15.3,1.4,3.8,0.6,1.1,0.8,2.7,0.4,0.5,0.6,1.1,1.7,1.3,0.5,0.3,0.6,1.9,4.1,.382,.550,.313,.778,.514,.493,G,thompet01
372,Rayan Rupert,0.2,2025-26,21,POR,35,0,0,11.2,1.1,2.8,0.7,1.5,0.4,1.3,0.2,0.3,0.4,1.3,1.7,0.7,0.4,0.1,0.4,1.2,2.8,.384,.462,.298,.583,.465,.455,G,ruperra01
373,Jeff Green,0.2,2025-26,39,HOU,15,0,0,4.4,0.8,1.7,0.3,0.5,0.5,1.1,0.0,0.0,0.1,0.5,0.5,0.1,0.0,0.1,0.1,0.3,2.1,.480,.500,.471,,.640,.640,F,greenje02
374,Amir Coffey,0.2,2025-26,28,MIL,24,0,0,7.8,0.7,1.5,0.5,0.8,0.2,0.7,0.5,0.6,0.2,0.6,0.8,0.3,0.1,0.1,0.2,0.3,2.0,.432,.600,.235,.929,.568,.486,G,coffeam01
375,Kobe Brown,0.2,2025-26,26,LAC,27,0,0,9.3,0.9,2.6,0.6,1.0,0.4,1.6,0.6,0.7,0.5,1.1,1.6,0.8,0.3,0.1,0.4,0.5,2.9,.362,.577,.233,.850,.495,.435,G-F,brownko01
376,Eric Gordon,0.2,2025-26,37,PHI,6,0,0,12.3,2.0,3.5,0.7,1.2,1.3,2.3,0.2,0.3,0.2,0.2,0.3,0.5,0.7,0.2,0.5,0.5,5.5,.571,.571,.571,.500,.754,.762,G-F,gordoer01
377,Tristan Vukcevic,0.2,2025-26,22,WAS,30,2,0,11.4,2.3,5.1,1.9,3.1,0.4,2.0,1.8,2.4,0.6,1.8,2.4,1.0,0.3,0.7,1.0,1.2,6.9,.455,.617,.200,.764,.557,.494,F-C,vukcetr01
378,Taurean Prince,0.2,2025-26,31,MIL,8,0,0,21.1,2.1,4.8,0.6,1.3,1.5,3.5,0.4,0.4,0.0,1.6,1.6,1.0,0.8,0.3,0.6,2.5,6.1,.447,.500,.429,1.000,.623,.605,F,princta02
379,Terrence Shannon Jr.,0.2,2025-26,25,MIN,22,0,0,12.8,1.5,3.7,0.8,2.0,0.7,1.7,1.0,1.2,0.3,1.0,1.3,0.6,0.3,0.0,0.7,1.3,4.5,.395,.386,.405,.778,.538,.488,G,shannte01
380,Jaden Hardy,0.2,2025-26,23,DAL,29,4,0,12.4,2.3,5.8,0.9,2.0,1.4,3.8,1.0,1.1,0.3,1.1,1.4,0.8,0.2,0.1,0.8,1.2,6.9,.395,.448,.367,.848,.551,.515,G,hardyja02
381,Jamal Cain,0.2,2025-26,26,ORL,16,0,0,7.4,0.8,2.2,0.5,1.1,0.3,1.1,0.9,1.1,0.4,0.4,0.8,0.3,0.3,0.1,0.3,1.3,2.9,.371,.471,.278,.833,.536,.443,F,cainja01
382,Brook Lopez,0.2,2025-26,37,LAC,34,7,0,17.0,2.2,6.0,0.7,1.6,1.5,4.4,0.6,0.7,0.4,2.3,2.6,0.9,0.4,0.9,0.8,1.7,6.4,.361,.426,.338,.833,.508,.485,C,lopezbr01
383,Seth Curry,0.2,2025-26,35,GSW,2,0,0,16.0,3.0,4.5,2.0,2.5,1.0,2.0,0.0,0.0,0.5,1.5,2.0,1.5,1.0,0.0,0.0,1.5,7.0,.667,.800,.500,,.778,.778,G,curryse01
384,Jamir Watkins,0.2,2025-26,24,WAS,15,2,0,12.5,1.1,2.2,0.7,0.9,0.3,1.3,0.7,0.8,0.3,2.1,2.4,0.4,0.4,0.2,0.5,1.9,3.1,.485,.786,.263,.833,.614,.561,F-G,watkija01
385,Jalen Wilson,0.1,2025-26,25,BRK,26,0,0,13.6,1.6,4.1,0.6,1.4,1.0,2.7,0.9,1.1,0.2,0.9,1.1,0.5,0.3,0.1,0.5,1.2,5.0,.383,.444,.352,.793,.543,.500,F,wilsoja03
386,Rasheer Fleming,0.1,2025-26,21,PHO,24,0,0,7.0,1.0,2.8,0.7,1.2,0.3,1.6,0.3,0.4,0.7,0.6,1.3,0.2,0.3,0.3,0.2,0.8,2.6,.358,.552,.211,.778,.444,.418,F,flemira01
387,A.J. Lawson,0.1,2025-26,25,TOR,8,0,0,10.8,1.6,4.4,0.8,2.0,0.9,2.4,0.6,0.6,0.8,1.6,2.4,0.4,0.5,0.4,0.4,1.6,4.8,.371,.375,.368,1.000,.511,.471,G,lawsoaj01
388,Thanasis Antetokounmpo,0.1,2025-26,33,MIL,13,0,0,3.1,0.6,1.0,0.6,1.0,0.0,0.0,0.5,0.7,0.2,0.2,0.5,0.1,0.5,0.2,0.2,0.5,1.7,.615,.615,,.667,.649,.615,F,antetth01
389,Alijah Martin,0.1,2025-26,24,TOR,8,0,0,10.5,1.1,3.1,0.9,1.8,0.3,1.4,1.0,1.3,0.8,0.8,1.5,0.9,0.6,0.4,0.4,1.1,3.5,.360,.500,.182,.800,.476,.400,G,martial01
390,Leonard Miller,0.1,2025-26,22,MIN,16,0,0,5.0,1.1,2.0,1.1,1.3,0.1,0.7,0.4,0.7,0.4,1.0,1.4,0.3,0.3,0.0,0.4,0.7,2.8,.563,.810,.091,.636,.597,.578,F,millele01
391,Kobe Sanders,0.1,2025-26,23,LAC,33,6,0,20.4,2.3,5.3,1.4,2.8,0.9,2.5,0.9,1.1,0.5,1.9,2.3,1.5,0.6,0.1,1.3,2.2,6.5,.440,.500,.373,.861,.566,.529,G,sandeko01
392,Larry Nance Jr.,0.1,2025-26,33,CLE,17,2,0,14.4,1.4,3.9,0.8,1.9,0.6,2.1,0.1,0.2,0.8,1.9,2.7,1.2,0.5,0.2,0.5,2.2,3.5,.358,.406,.314,.333,.439,.440,F-C,nancela02
393,Dalton Knecht,0.1,2025-26,24,LAL,34,1,0,13.0,1.9,4.4,1.1,1.8,0.8,2.6,0.3,0.5,0.3,1.3,1.6,0.4,0.2,0.3,0.5,1.1,5.0,.433,.617,.311,.688,.538,.527,G,knechda01
394,Kevin McCullar Jr.,0.1,2025-26,24,NYK,11,0,0,7.9,0.9,2.1,0.4,0.8,0.5,1.3,0.2,0.5,0.7,1.1,1.8,1.4,0.4,0.0,0.7,1.3,2.5,.435,.444,.429,.400,.556,.565,G,mcculke01
395,Blake Wesley,0.1,2025-26,22,POR,6,0,0,16.3,2.3,5.7,2.0,4.0,0.3,1.7,1.0,1.7,0.3,2.0,2.3,3.2,1.7,0.2,1.2,2.3,6.0,.412,.500,.200,.600,.469,.441,G,weslebl01
396,Johnny Juzang,0.1,2025-26,24,MIN,16,0,0,3.9,0.9,1.9,0.6,0.8,0.3,1.2,0.2,0.3,0.3,0.5,0.8,0.4,0.1,0.0,0.2,0.2,2.3,.452,.750,.263,.750,.549,.532,G,juzanjo01
397,Grant Williams,0.1,2025-26,27,CHO,3,0,0,13.7,1.7,4.7,0.3,0.3,1.3,4.3,1.7,2.0,1.3,3.0,4.3,0.0,0.0,0.3,0.0,0.7,6.3,.357,1.000,.308,.833,.571,.500,F,willigr01
398,Jalen Green,0.1,2025-26,23,PHO,2,2,0,15.0,5.5,11.5,2.5,4.5,3.0,7.0,1.5,2.5,1.0,1.0,2.0,2.0,1.0,0.0,1.0,1.0,15.5,.478,.556,.429,.600,.615,.609,G,greenja05
399,Antonio Reeves,0.1,2025-26,25,CHO,6,0,0,8.8,1.3,2.7,0.5,1.0,0.8,1.7,0.0,0.0,0.2,0.7,0.8,0.3,0.2,0.0,0.0,0.5,3.5,.500,.500,.500,,.656,.656,G,reevean01
400,Khris Middleton,0.1,2025-26,34,WAS,27,27,0,24.1,3.6,8.3,2.8,5.6,0.8,2.7,1.6,1.9,0.9,3.0,3.9,3.3,0.8,0.3,1.6,2.8,9.6,.433,.497,.301,.808,.523,.482,F-G,middlkh01