Rk,Player,WS,Season,Age,Team,G,GS,AS,MP,FG,FGA,2P,2PA,3P,3PA,FT,FTA,ORB,DRB,TRB,AST,STL,BLK,TOV,PF,PTS,FG%,2P%,3P%,FT%,TS%,eFG%,Pos,Player-additional
1,Nikola Jokić,17.0,2023-24,28,DEN,79,79,1,2737,822,1411,739,1180,83,231,358,438,223,753,976,708,108,68,237,194,2085,.583,.626,.359,.817,.650,.612,C-F,jokicni01
2,Shai Gilgeous-Alexander,16.7,2024-25,26,OKC,76,76,1,2598,860,1656,697,1221,163,435,601,669,67,312,379,486,131,77,183,164,2484,.519,.571,.375,.898,.637,.569,G,gilgesh01
3,Nikola Jokić,16.4,2024-25,29,DEN,70,70,1,2571,786,1364,648,1033,138,331,361,451,200,692,892,716,127,45,230,160,2071,.576,.627,.417,.800,.663,.627,C-F,jokicni01
4,Shai Gilgeous-Alexander,14.6,2023-24,25,OKC,75,75,1,2553,796,1487,701,1218,95,269,567,649,65,350,415,465,150,67,162,184,2254,.535,.576,.353,.874,.636,.567,G,gilgesh01
5,Giannis Antetokounmpo,13.2,2023-24,29,MIL,73,73,1,2567,837,1369,803,1245,34,124,514,782,196,645,841,476,87,79,250,210,2222,.611,.645,.274,.657,.649,.624,F-G,antetgi01
6,Domantas Sabonis,12.6,2023-24,27,SAC,82,82,0,2928,634,1068,601,981,33,87,292,415,294,826,1120,673,74,48,272,250,1593,.594,.613,.379,.704,.637,.609,C-F,sabondo01
7,Luka Dončić,12.0,2023-24,24,DAL,70,70,1,2624,804,1652,520,908,284,744,478,608,59,588,647,686,99,38,282,149,2370,.487,.573,.382,.786,.617,.573,G-F,doncilu01
8,Anthony Davis,11.8,2023-24,30,LAL,76,76,1,2700,713,1283,684,1176,29,107,421,516,239,722,961,266,91,178,159,177,1876,.556,.582,.271,.816,.621,.567,F-C,davisan02
9,Ivica Zubac,11.7,2024-25,27,LAC,80,80,0,2624,592,942,592,942,0,0,156,236,300,710,1010,214,55,90,127,168,1340,.628,.628,,.661,.641,.628,C,zubaciv01
10,Rudy Gobert,11.6,2023-24,31,MIN,76,76,0,2593,406,614,406,611,0,3,249,390,285,697,982,102,52,162,118,238,1061,.661,.664,.000,.638,.675,.661,C,goberru01
11,Jarrett Allen,11.6,2024-25,26,CLE,82,82,0,2296,452,640,452,635,0,5,199,277,216,582,798,158,77,73,97,127,1103,.706,.712,.000,.718,.724,.706,C-F,allenja01
12,Giannis Antetokounmpo,11.5,2024-25,30,MIL,67,67,1,2289,793,1319,779,1256,14,63,436,707,147,651,798,433,58,78,206,155,2036,.601,.620,.222,.617,.625,.607,F-G,antetgi01
13,Jalen Brunson,11.2,2023-24,27,NYK,77,77,1,2726,790,1648,579,1122,211,526,421,497,43,235,278,519,70,13,186,144,2212,.479,.516,.401,.847,.592,.543,G,brunsja01
14,Jarrett Allen,10.7,2023-24,25,CLE,77,77,0,2442,519,819,519,813,0,6,233,314,243,568,811,210,53,81,121,147,1271,.634,.638,.000,.742,.664,.634,C-F,allenja01
15,Tyrese Haliburton,10.4,2024-25,24,IND,73,73,0,2451,476,1006,258,444,218,562,189,222,42,216,258,673,105,49,120,92,1359,.473,.581,.388,.851,.616,.582,G,halibty01
16,Jayson Tatum,10.4,2023-24,25,BOS,74,74,1,2645,672,1426,443,817,229,609,414,497,67,534,601,364,75,43,188,145,1987,.471,.542,.376,.833,.604,.552,F,tatumja01
17,Rudy Gobert,10.1,2024-25,32,MIN,72,72,0,2388,341,510,341,510,0,0,184,273,265,520,785,127,56,104,89,182,866,.669,.669,,.674,.687,.669,C,goberru01
18,Karl-Anthony Towns,10.1,2024-25,29,NYK,72,72,1,2517,639,1215,497,877,142,338,339,409,212,708,920,222,71,50,192,249,1759,.526,.567,.420,.829,.630,.584,C-F,townska01
19,Domantas Sabonis,10.1,2024-25,28,SAC,70,70,0,2429,527,893,462,737,65,156,218,289,267,705,972,423,48,26,202,229,1337,.590,.627,.417,.754,.655,.627,C-F,sabondo01
20,Jayson Tatum,9.5,2024-25,26,BOS,72,72,1,2624,662,1465,412,737,250,728,358,440,48,575,623,431,76,38,209,157,1932,.452,.559,.343,.814,.582,.537,F,tatumja01
21,Jalen Duren,9.2,2024-25,21,DET,78,78,0,2034,378,546,378,546,0,0,162,242,277,530,807,209,54,89,136,251,918,.692,.692,,.669,.703,.692,C,durenja01
22,Josh Hart,9.2,2024-25,29,NYK,77,77,0,2897,404,770,320,518,84,252,159,205,161,576,737,453,119,27,158,201,1051,.525,.618,.333,.776,.611,.579,G,hartjo01
23,Devin Booker,9.2,2023-24,27,PHO,68,68,1,2447,642,1305,490,887,152,418,405,457,56,252,308,472,61,28,178,206,1841,.492,.552,.364,.886,.611,.550,G,bookede01
24,DeMar DeRozan,9.2,2023-24,34,CHI,79,79,0,2989,650,1355,575,1130,75,225,522,612,43,297,340,421,90,45,135,161,1897,.480,.509,.333,.853,.584,.507,G-F,derozde01
25,Jimmy Butler,9.1,2023-24,34,MIA,60,60,0,2042,396,793,336,648,60,145,394,459,105,213,318,298,79,17,102,68,1246,.499,.519,.414,.858,.626,.537,F-G,butleji01
26,Tyrese Haliburton,9.0,2023-24,23,IND,69,68,1,2224,500,1048,305,513,195,535,194,227,35,236,271,752,83,48,159,75,1389,.477,.595,.364,.855,.605,.570,G,halibty01
27,Evan Mobley,9.0,2024-25,23,CLE,71,71,1,2167,505,906,420,676,85,230,221,305,164,495,659,226,61,113,145,141,1316,.557,.621,.370,.725,.633,.604,F-C,mobleev01
28,Chet Holmgren,8.9,2023-24,21,OKC,82,82,0,2413,505,953,376,604,129,349,218,275,129,519,648,200,53,190,131,197,1357,.530,.623,.370,.793,.632,.598,F-C,holmgch01
29,Kawhi Leonard,8.9,2023-24,32,LAC,68,68,1,2330,610,1162,470,826,140,336,253,286,84,332,416,244,111,59,119,97,1613,.525,.569,.417,.885,.626,.585,F,leonaka01
30,Jimmy Butler,8.7,2024-25,35,GSWMIA,55,55,0,1746,301,597,269,493,32,104,330,392,125,171,296,298,77,18,74,52,964,.504,.546,.308,.842,.626,.531,F-G,butleji01
31,Payton Pritchard,8.6,2024-25,27,BOS,80,3,0,2271,409,866,154,240,255,626,71,84,102,205,307,279,70,14,83,118,1144,.472,.642,.407,.845,.633,.620,G,pritcpa01
32,LeBron James,8.5,2023-24,39,LAL,71,71,1,2504,685,1269,536,906,149,363,303,404,61,457,518,589,89,38,245,78,1822,.540,.592,.410,.750,.630,.599,F-G,jamesle01
33,Derrick White,8.5,2023-24,29,BOS,73,73,0,2381,387,839,191,344,196,495,137,152,51,259,310,377,74,87,112,152,1107,.461,.555,.396,.901,.611,.578,G,whitede01
34,Derrick White,8.5,2024-25,30,BOS,76,76,0,2574,424,959,159,268,265,691,135,161,67,274,341,361,72,80,131,138,1248,.442,.593,.384,.839,.606,.580,G,whitede01
35,Fred VanVleet,8.4,2023-24,29,HOU,73,73,0,2684,423,1018,196,432,227,586,197,229,33,245,278,589,101,59,126,183,1270,.416,.454,.387,.860,.568,.527,G,vanvlfr01
36,Anthony Edwards,8.4,2024-25,23,MIN,79,79,1,2871,721,1612,401,801,320,811,415,496,61,389,450,359,91,51,249,150,2177,.447,.501,.395,.837,.595,.547,G-F,edwaran01
37,James Harden,8.4,2023-24,34,LAC,72,72,0,2470,352,822,166,334,186,488,302,344,34,335,369,614,77,57,185,127,1192,.428,.497,.381,.878,.612,.541,G,hardeja01
38,James Harden,8.3,2024-25,35,LAC,79,79,1,2789,531,1295,296,627,235,668,505,578,55,401,456,687,118,55,341,162,1802,.410,.472,.352,.874,.582,.501,G,hardeja01
39,Alperen Şengün,8.3,2024-25,22,HOU,76,76,1,2395,567,1143,546,1053,21,90,296,428,262,524,786,372,84,61,194,209,1451,.496,.519,.233,.692,.545,.505,C-F,sengual01
40,Kevin Durant,8.3,2023-24,35,PHO,75,75,1,2791,751,1436,583,1029,168,407,362,423,41,454,495,378,69,91,244,133,2032,.523,.567,.413,.856,.626,.581,F-G,duranke01
41,Jalen Brunson,8.3,2024-25,28,NYK,65,65,1,2301,585,1200,433,803,152,397,368,448,27,160,187,475,60,8,164,138,1690,.488,.539,.383,.821,.605,.551,G,brunsja01
42,Mike Conley,8.2,2023-24,36,MIN,76,76,0,2193,294,644,115,239,179,405,102,112,37,181,218,449,88,17,102,128,869,.457,.481,.442,.911,.627,.595,G,conlemi01
43,Darius Garland,8.1,2024-25,25,CLE,75,75,1,2301,554,1174,342,645,212,529,224,255,47,167,214,506,91,11,189,143,1544,.472,.530,.401,.878,.600,.562,G,garlada01
44,Tyrese Maxey,8.1,2023-24,23,PHI,70,70,1,2626,638,1419,426,850,212,569,328,378,36,222,258,433,69,33,116,151,1816,.450,.501,.373,.868,.573,.524,G,maxeyty01
45,Isaiah Hartenstein,8.1,2023-24,25,NYK,75,49,0,1896,235,365,234,362,1,3,111,157,244,382,626,188,87,85,93,210,582,.644,.646,.333,.707,.670,.645,F,harteis01
46,Christian Braun,8.0,2024-25,23,DEN,79,77,0,2675,476,821,387,597,89,224,177,214,98,312,410,205,85,37,81,170,1218,.580,.648,.397,.827,.665,.634,G,braunch01
47,Amen Thompson,8.0,2024-25,22,HOU,69,42,0,2225,388,697,363,606,25,91,169,247,192,372,564,265,97,89,138,167,970,.557,.599,.275,.684,.602,.575,G,thompam01
48,Kristaps Porziņģis,7.9,2023-24,28,BOS,57,57,0,1690,388,752,278,459,110,293,259,302,97,312,409,115,42,111,89,156,1145,.516,.606,.375,.858,.647,.589,F-C,porzikr01
49,Stephen Curry,7.9,2024-25,36,GSW,70,70,1,2252,564,1258,253,474,311,784,279,299,40,270,310,421,80,30,200,95,1718,.448,.534,.397,.933,.618,.572,G,curryst01
50,Jalen Williams,7.8,2024-25,23,OKC,69,69,1,2237,565,1168,441,828,124,340,236,299,59,310,369,354,111,46,150,158,1490,.484,.533,.365,.789,.573,.537,G,willija06
51,Daniel Gafford,7.8,2023-24,25,DALWAS,74,66,0,1815,348,480,348,480,0,0,118,175,195,367,562,115,65,153,74,227,814,.725,.725,,.674,.731,.725,C-F,gaffoda01
52,LeBron James,7.7,2024-25,40,LAL,70,70,1,2444,651,1270,502,874,149,396,259,331,72,474,546,575,70,39,260,99,1710,.513,.574,.376,.782,.604,.571,F-G,jamesle01
53,Damian Lillard,7.7,2023-24,33,MIL,73,73,1,2579,541,1277,321,655,220,622,473,514,36,284,320,508,72,18,193,134,1775,.424,.490,.354,.920,.590,.510,G,lillada01
54,Austin Reaves,7.6,2024-25,26,LAL,73,73,0,2550,477,1037,277,506,200,531,321,366,61,268,329,421,81,22,177,151,1475,.460,.547,.377,.877,.616,.556,G,reaveau01
55,Damian Lillard,7.6,2024-25,34,MIL,58,58,1,2093,444,992,247,468,197,524,362,393,29,243,272,410,70,10,162,97,1447,.448,.528,.376,.921,.621,.547,G,lillada01
56,Donovan Mitchell,7.6,2024-25,28,CLE,71,71,1,2232,585,1320,352,687,233,633,298,362,57,265,322,354,95,17,149,140,1701,.443,.512,.368,.823,.575,.531,G,mitchdo01
57,Pascal Siakam,7.5,2024-25,30,IND,78,78,1,2548,613,1182,487,858,126,324,226,308,133,407,540,263,70,42,109,189,1578,.519,.568,.389,.734,.599,.572,F-C,siakapa01
58,Bam Adebayo,7.5,2024-25,27,MIA,78,78,0,2674,540,1113,461,892,79,221,251,328,185,564,749,337,98,53,161,162,1410,.485,.517,.357,.765,.561,.521,C-F,adebaba01
59,Zion Williamson,7.5,2023-24,23,NOP,70,70,0,2207,624,1094,618,1076,6,18,347,494,122,284,406,352,77,47,193,159,1601,.570,.574,.333,.702,.610,.573,F-C,willizi01
60,Anthony Edwards,7.5,2023-24,22,MIN,79,78,1,2770,718,1558,528,1026,190,532,423,506,52,378,430,405,101,42,241,141,2049,.461,.515,.357,.836,.575,.522,G-F,edwaran01
61,Joel Embiid,7.5,2023-24,29,PHI,39,39,1,1309,450,851,396,712,54,139,399,452,95,335,430,219,46,66,150,112,1353,.529,.556,.388,.883,.644,.561,C,embiijo01
62,Tyler Herro,7.4,2024-25,25,MIA,77,77,1,2725,651,1378,400,708,251,670,287,327,35,364,399,424,69,17,198,85,1840,.472,.565,.375,.878,.605,.563,G,herroty01
63,Paul George,7.3,2023-24,33,LAC,74,74,1,2502,582,1236,339,648,243,588,264,291,37,351,388,262,113,37,153,202,1671,.471,.523,.413,.907,.613,.569,F-G,georgpa01
64,Nikola Vučević,7.3,2024-25,34,CHI,73,72,0,2278,550,1038,421,717,129,321,120,149,178,557,735,256,61,52,119,163,1349,.530,.587,.402,.805,.611,.592,C,vucevni01
65,Jalen Williams,7.3,2023-24,22,OKC,71,71,0,2223,536,993,433,752,103,241,180,221,37,245,282,322,80,45,123,175,1355,.540,.576,.427,.814,.621,.592,G,willija06
66,Bam Adebayo,7.2,2023-24,26,MIA,71,71,1,2416,530,1017,515,975,15,42,292,387,159,578,737,278,81,66,162,159,1367,.521,.528,.357,.755,.576,.529,C-F,adebaba01
67,Onyeka Okongwu,7.2,2024-25,24,ATL,74,40,0,2064,388,684,340,536,48,148,164,216,220,440,660,168,69,68,90,193,988,.567,.634,.324,.759,.634,.602,F,okongon01
68,Stephen Curry,7.2,2023-24,35,GSW,74,74,1,2421,650,1445,293,569,357,876,299,324,37,293,330,379,54,28,210,117,1956,.450,.515,.408,.923,.616,.573,G,curryst01
69,DeMar DeRozan,7.1,2024-25,35,SAC,77,77,0,2768,624,1308,540,1052,84,256,378,441,50,248,298,342,62,32,105,150,1710,.477,.513,.328,.857,.569,.509,G-F,derozde01
70,Aaron Gordon,7.1,2023-24,28,DEN,73,73,0,2297,398,716,358,578,40,138,177,269,174,297,471,259,56,45,105,142,1013,.556,.619,.290,.658,.607,.584,F,gordoaa01
71,Jonas Valančiūnas,7.1,2023-24,31,NOP,82,82,0,1925,402,719,365,599,37,120,161,205,186,535,721,173,32,68,111,218,1002,.559,.609,.308,.785,.619,.585,C,valanjo01
72,Luke Kornet,7.0,2024-25,29,BOS,73,16,0,1361,187,280,187,277,0,3,67,97,190,198,388,117,36,71,31,119,441,.668,.675,.000,.691,.683,.668,C-F,kornelu01
73,Alperen Şengün,6.9,2023-24,21,HOU,63,63,0,2046,527,982,494,871,33,111,244,352,183,406,589,312,76,46,162,211,1331,.537,.567,.297,.693,.585,.553,C-F,sengual01
74,Kyrie Irving,6.9,2023-24,31,DAL,58,58,0,2030,562,1131,389,710,173,421,190,210,44,246,290,299,74,28,106,112,1487,.497,.548,.411,.905,.608,.573,G,irvinky01
75,Grayson Allen,6.9,2023-24,28,PHO,75,74,0,2513,340,682,135,237,205,445,129,147,48,247,295,227,69,45,95,157,1014,.499,.570,.461,.878,.679,.649,G,allengr01
76,Pascal Siakam,6.9,2023-24,29,INDTOR,80,80,0,2657,681,1271,596,1025,85,246,290,396,139,426,565,342,63,25,141,193,1737,.536,.581,.346,.732,.601,.569,F-C,siakapa01
77,Ivica Zubac,6.8,2023-24,26,LAC,68,68,0,1794,337,519,337,519,0,0,120,166,196,430,626,93,22,83,79,180,794,.649,.649,,.723,.671,.649,C,zubaciv01
78,Isaiah Hartenstein,6.8,2024-25,26,OKC,57,53,0,1590,279,480,279,461,0,19,79,117,163,448,611,219,47,62,96,171,637,.581,.605,.000,.675,.599,.581,F,harteis01
79,Nic Claxton,6.7,2023-24,24,BRK,71,71,0,2116,366,582,365,577,1,5,108,196,193,513,706,147,46,146,93,175,841,.629,.633,.200,.551,.629,.630,C,claxtni01
80,Anthony Davis,6.7,2024-25,31,DALLAL,51,51,1,1706,470,910,435,786,35,124,286,369,134,456,590,181,59,110,113,98,1261,.516,.553,.282,.775,.588,.536,F-C,davisan02
81,Donte DiVincenzo,6.6,2023-24,27,NYK,81,63,0,2360,445,1004,162,299,283,705,86,114,63,234,297,216,107,36,113,166,1259,.443,.542,.401,.754,.597,.584,G,divindo01
82,Brook Lopez,6.6,2024-25,36,MIL,80,80,0,2546,394,774,255,401,139,373,114,138,113,288,401,143,50,148,84,171,1041,.509,.636,.373,.826,.624,.599,C,lopezbr01
83,Desmond Bane,6.5,2024-25,26,MEM,69,68,0,2205,493,1018,329,600,164,418,177,198,62,356,418,369,80,28,169,164,1327,.484,.548,.392,.894,.600,.565,G,banede01
84,OG Anunoby,6.5,2024-25,27,NYK,74,74,0,2706,489,1027,318,567,171,460,183,226,97,261,358,164,110,65,102,172,1332,.476,.561,.372,.810,.591,.559,F,anunoog01
85,De'Aaron Fox,6.5,2023-24,26,SAC,74,74,0,2659,720,1549,506,969,214,580,312,423,67,273,340,418,150,31,194,193,1966,.465,.522,.369,.738,.567,.534,G,foxde01
86,Devin Booker,6.4,2024-25,28,PHO,75,75,0,2795,654,1420,471,869,183,551,432,483,76,229,305,529,67,16,220,198,1923,.461,.542,.332,.894,.589,.525,G,bookede01
87,Donovan Mitchell,6.4,2023-24,27,CLE,55,55,1,1942,503,1089,321,595,182,494,275,318,46,234,280,333,101,30,154,118,1463,.462,.539,.368,.865,.595,.545,G,mitchdo01
88,Jaren Jackson Jr.,6.4,2024-25,25,MEM,74,74,1,2207,592,1213,446,824,146,389,311,398,91,326,417,148,92,113,153,257,1641,.488,.541,.375,.781,.591,.548,F,jacksja02
89,Franz Wagner,6.4,2023-24,22,ORL,72,72,0,2337,528,1096,434,762,94,334,271,319,72,309,381,269,76,28,137,168,1421,.482,.570,.281,.850,.575,.525,G-F,wagnefr01
90,Michael Porter Jr.,6.4,2024-25,26,DEN,77,77,0,2593,528,1048,335,559,193,489,149,194,138,402,540,165,50,38,104,157,1398,.504,.599,.395,.768,.617,.596,F,portemi01
91,Herbert Jones,6.3,2023-24,25,NOP,76,76,0,2321,293,588,179,315,114,273,137,158,74,198,272,199,105,62,93,224,837,.498,.568,.418,.867,.636,.595,F,joneshe01
92,Clint Capela,6.3,2023-24,29,ATL,73,73,0,1883,353,618,353,617,0,1,130,206,335,441,776,91,43,106,74,164,836,.571,.572,.000,.631,.590,.571,C,capelca01
93,Jrue Holiday,6.3,2023-24,33,BOS,69,69,0,2263,331,689,193,367,138,322,60,72,84,289,373,333,61,53,124,108,860,.480,.526,.429,.833,.597,.581,G,holidjr01
94,Jaden McDaniels,6.3,2024-25,24,MIN,82,82,0,2614,398,834,298,531,100,303,104,128,129,341,470,163,110,74,95,225,1000,.477,.561,.330,.813,.562,.537,F,mcdanja02
95,Karl-Anthony Towns,6.3,2023-24,28,MIN,62,62,1,2026,479,951,343,624,136,327,255,292,94,421,515,189,43,41,177,204,1349,.504,.550,.416,.873,.625,.575,C-F,townska01
96,Julius Randle,6.2,2024-25,30,MIN,69,69,0,2226,455,939,347,625,108,314,270,335,144,343,487,323,47,16,196,175,1288,.485,.555,.344,.806,.593,.542,F-C,randlju01
97,Al Horford,6.2,2023-24,37,BOS,65,33,0,1740,214,419,106,161,108,258,26,30,82,331,413,168,38,62,48,93,562,.511,.658,.419,.867,.650,.640,C-F,horfoal01
98,Jamal Murray,6.2,2024-25,27,DEN,67,67,0,2418,531,1121,375,724,156,397,218,246,45,216,261,403,91,33,138,128,1436,.474,.518,.393,.886,.584,.543,G,murraja01
99,Lauri Markkanen,6.2,2023-24,26,UTA,55,55,0,1820,427,890,252,451,175,439,249,277,122,327,449,110,50,26,77,100,1278,.480,.559,.399,.899,.631,.578,F-C,markkla01
100,Michael Porter Jr.,6.2,2023-24,25,DEN,81,81,0,2565,522,1079,302,525,220,554,92,110,106,459,565,122,42,53,92,148,1356,.484,.575,.397,.836,.601,.586,F,portemi01
101,Payton Pritchard,6.1,2023-24,26,BOS,82,5,0,1825,297,635,150,253,147,382,46,56,70,195,265,281,39,6,61,106,787,.468,.593,.385,.821,.597,.583,G,pritcpa01
102,Tobias Harris,5.9,2023-24,31,PHI,70,70,0,2368,463,951,372,693,91,258,187,213,80,373,453,217,70,46,93,115,1204,.487,.537,.353,.878,.576,.535,F,harrito02
103,CJ McCollum,5.9,2023-24,32,NOP,66,66,0,2159,484,1055,245,498,239,557,115,139,39,247,286,305,62,41,110,126,1322,.459,.492,.429,.827,.592,.572,G,mccolcj01
104,Daniel Gafford,5.9,2024-25,26,DAL,57,31,0,1226,283,403,283,403,0,0,135,196,155,233,388,80,23,102,66,152,701,.702,.702,,.689,.716,.702,C-F,gaffoda01
105,Ty Jerome,5.9,2024-25,27,CLE,70,3,0,1392,319,618,208,365,111,253,129,148,50,123,173,237,78,3,92,102,878,.516,.570,.439,.872,.643,.606,G,jeromty01
106,Jaylen Brown,5.9,2023-24,27,BOS,70,70,1,2343,627,1256,482,846,145,410,211,300,84,303,387,249,83,37,166,185,1610,.499,.570,.354,.703,.580,.557,F-G,brownja02
107,Jamal Murray,5.9,2023-24,26,DEN,59,59,0,1861,474,986,329,645,145,341,157,184,42,200,242,384,57,39,125,104,1250,.481,.510,.425,.853,.586,.554,G,murraja01
108,Austin Reaves,5.9,2023-24,25,LAL,82,57,0,2629,457,940,303,520,154,420,232,272,57,295,352,450,66,25,174,153,1300,.486,.583,.367,.853,.613,.568,G,reaveau01
109,Luka Dončić,5.9,2024-25,25,DALLAL,50,50,0,1769,461,1025,284,544,177,481,309,395,40,369,409,383,89,21,179,126,1408,.450,.522,.368,.782,.587,.536,G-F,doncilu01
110,Brook Lopez,5.9,2023-24,35,MIL,79,79,0,2411,366,755,218,351,148,404,110,134,117,292,409,127,43,189,79,191,990,.485,.621,.366,.821,.608,.583,C,lopezbr01
111,Cade Cunningham,5.9,2024-25,23,DET,70,70,1,2452,684,1457,535,1039,149,418,313,370,56,369,425,638,71,53,309,195,1830,.469,.515,.356,.846,.565,.521,G,cunnica01
112,Goga Bitadze,5.8,2024-25,25,ORL,70,42,0,1430,207,339,204,311,3,28,85,133,167,296,463,137,49,98,72,150,502,.611,.656,.107,.639,.631,.615,C,bitadgo01
113,Myles Turner,5.8,2023-24,27,IND,77,77,0,2076,476,909,360,585,116,324,245,317,113,420,533,100,39,144,109,232,1313,.524,.615,.358,.773,.626,.587,C-F,turnemy01
114,Jusuf Nurkić,5.8,2023-24,29,PHO,76,76,0,2078,320,627,298,537,22,90,167,261,224,613,837,301,81,80,175,254,829,.510,.555,.244,.640,.559,.528,C,nurkiju01
115,Chris Paul,5.7,2024-25,39,SAS,82,82,0,2292,249,583,109,212,140,371,85,92,33,263,296,605,103,22,129,151,723,.427,.514,.377,.924,.580,.547,G,paulch01
116,Naz Reid,5.7,2024-25,25,MIN,80,17,0,2200,426,923,251,461,175,462,111,143,92,388,480,181,58,72,108,189,1138,.462,.544,.379,.776,.577,.556,F,reidna01
117,Trae Young,5.7,2024-25,26,ATL,76,76,1,2739,566,1376,348,734,218,642,491,561,36,200,236,880,91,12,355,145,1841,.411,.474,.340,.875,.567,.491,G,youngtr01
118,Mikal Bridges,5.7,2024-25,28,NYK,82,82,0,3036,592,1183,428,720,164,463,96,118,71,188,259,306,75,43,132,127,1444,.500,.594,.354,.814,.585,.570,F-G,bridgmi01
119,Josh Hart,5.7,2023-24,28,NYK,81,42,0,2707,295,679,215,421,80,258,91,115,128,547,675,331,75,23,118,171,761,.434,.511,.310,.791,.522,.493,G,hartjo01
120,Franz Wagner,5.6,2024-25,23,ORL,60,60,0,2023,537,1161,433,809,104,352,271,311,56,286,342,284,75,21,138,147,1449,.463,.535,.295,.871,.558,.507,G-F,wagnefr01
121,Deni Avdija,5.6,2024-25,24,POR,72,54,0,2161,402,844,277,502,125,342,290,372,110,412,522,281,71,35,196,171,1219,.476,.552,.365,.780,.605,.550,G-F,avdijde01
122,Jabari Smith Jr.,5.6,2023-24,20,HOU,76,76,0,2424,378,833,240,453,138,380,150,185,139,477,616,121,52,61,89,200,1044,.454,.530,.363,.811,.571,.537,F,smithja05
123,Luguentz Dort,5.6,2024-25,25,OKC,71,71,0,2073,258,593,88,180,170,413,33,46,89,204,293,115,79,39,51,208,719,.435,.489,.412,.717,.586,.578,G,dortlu01
124,Harrison Barnes,5.6,2024-25,32,SAS,82,82,0,2230,347,683,191,323,156,360,161,199,97,213,310,136,39,14,50,75,1011,.508,.591,.433,.809,.656,.622,F,barneha02
125,Moritz Wagner,5.6,2023-24,26,ORL,80,1,0,1415,332,552,294,437,38,115,166,204,117,230,347,96,39,21,97,160,868,.601,.673,.330,.814,.676,.636,F-C,wagnemo01
126,Jakob Poeltl,5.5,2024-25,29,TOR,57,56,0,1686,363,579,362,576,1,3,97,144,189,358,547,158,66,71,111,176,824,.627,.628,.333,.674,.641,.628,C,poeltja01
127,Evan Mobley,5.5,2023-24,22,CLE,50,50,0,1532,320,552,298,493,22,59,123,171,111,357,468,160,45,72,90,134,785,.580,.604,.373,.719,.626,.600,F-C,mobleev01
128,Collin Sexton,5.5,2023-24,25,UTA,78,51,0,2075,506,1038,378,713,128,325,318,370,71,134,205,383,62,18,165,154,1458,.487,.530,.394,.859,.607,.549,G,sextoco01
129,Nikola Vučević,5.4,2023-24,33,CHI,76,74,0,2610,586,1211,494,898,92,313,106,129,210,591,801,254,50,60,120,190,1370,.484,.550,.294,.822,.540,.522,C,vucevni01
130,Trey Murphy III,5.4,2023-24,23,NOP,57,23,0,1690,275,621,106,176,169,445,123,151,42,238,280,124,51,28,34,70,842,.443,.602,.380,.815,.612,.579,F,murphtr02
131,Walker Kessler,5.4,2024-25,23,UTA,58,58,0,1740,278,419,272,385,6,34,79,152,266,441,707,97,36,138,86,130,641,.663,.706,.176,.520,.660,.671,C,kesslwa01
132,Aaron Wiggins,5.4,2024-25,26,OKC,76,26,0,1744,355,728,225,389,130,339,74,89,81,214,295,134,60,18,69,101,914,.488,.578,.383,.831,.596,.577,G,wiggiaa01
133,Kristaps Porziņģis,5.3,2024-25,29,BOS,42,42,0,1210,277,574,174,324,103,250,161,199,68,216,284,87,31,63,53,116,818,.483,.537,.412,.809,.618,.572,F-C,porzikr01
134,Josh Giddey,5.3,2024-25,22,CHI,70,69,0,2117,371,798,266,520,105,278,175,224,127,439,566,503,84,45,202,122,1022,.465,.512,.378,.781,.570,.531,G,giddejo01
135,Paolo Banchero,5.3,2023-24,21,ORL,80,80,1,2799,640,1407,521,1056,119,351,405,559,82,472,554,431,71,47,247,153,1804,.455,.493,.339,.725,.546,.497,F,banchpa01
136,Norman Powell,5.3,2024-25,31,LAC,60,60,0,1958,457,945,278,517,179,428,213,265,21,169,190,125,73,9,108,114,1306,.484,.538,.418,.804,.615,.578,G,powelno01
137,Fred VanVleet,5.2,2024-25,30,HOU,60,60,0,2111,287,759,128,298,159,461,111,137,32,189,221,333,94,25,87,140,844,.378,.430,.345,.810,.515,.483,G,vanvlfr01
138,Kevin Durant,5.2,2024-25,36,PHO,62,62,1,2265,592,1124,432,752,160,372,303,361,23,351,374,263,50,77,190,104,1647,.527,.574,.430,.839,.642,.598,F-G,duranke01
139,Keegan Murray,5.2,2023-24,23,SAC,77,77,0,2588,443,975,260,464,183,511,103,124,106,314,420,129,79,59,64,205,1172,.454,.560,.358,.831,.569,.548,F,murrake02
140,Cason Wallace,5.2,2024-25,21,OKC,68,43,0,1876,232,489,158,281,74,208,30,37,71,158,229,173,120,35,59,145,568,.474,.562,.356,.811,.562,.550,G,wallaca01
141,Jaylen Brown,5.2,2024-25,28,BOS,63,63,1,2158,518,1118,402,760,116,358,246,322,82,286,368,286,73,19,162,154,1398,.463,.529,.324,.764,.555,.515,F-G,brownja02
142,Mike Conley,5.2,2024-25,37,MIN,71,64,0,1756,187,468,60,158,127,310,81,90,32,150,182,319,79,14,75,111,582,.400,.380,.410,.900,.573,.535,G,conlemi01
143,Tobias Harris,5.2,2024-25,32,DET,73,73,0,2305,384,805,293,541,91,264,143,166,65,367,432,162,74,57,85,138,1002,.477,.542,.345,.861,.571,.534,F,harrito02
144,Toumani Camara,5.2,2024-25,24,POR,78,78,0,2548,328,716,193,356,135,360,91,126,173,277,450,175,116,50,109,230,882,.458,.542,.375,.722,.572,.552,F,camarto01
145,Jalen Green,5.1,2024-25,22,HOU,82,82,0,2697,608,1437,374,776,234,661,273,336,45,332,377,282,71,27,203,127,1723,.423,.482,.354,.813,.544,.505,G,greenja05
146,Cameron Johnson,5.1,2024-25,28,BRK,57,57,0,1800,355,747,196,339,159,408,201,225,54,193,247,194,53,25,99,104,1070,.475,.578,.390,.893,.632,.582,F,johnsca02
147,Dillon Brooks,5.1,2024-25,29,HOU,75,75,0,2388,384,895,198,426,186,469,99,121,75,200,275,128,60,16,76,242,1053,.429,.465,.397,.818,.555,.533,F-G,brookdi01
148,Jrue Holiday,5.1,2024-25,34,BOS,62,62,0,1896,254,573,146,267,108,306,70,77,76,189,265,239,66,27,77,101,686,.443,.547,.353,.909,.565,.538,G,holidjr01
149,Nick Richards,5.1,2023-24,26,CHO,67,51,0,1759,260,376,260,375,0,1,132,179,172,367,539,54,26,74,73,176,652,.691,.693,.000,.737,.717,.691,F-C,richani01
150,Paul Reed,5.1,2023-24,24,PHI,82,24,0,1590,259,480,238,423,21,57,61,85,193,295,488,109,67,84,67,198,600,.540,.563,.368,.718,.580,.561,F,reedpa01
151,Brandon Ingram,5.1,2023-24,26,NOP,64,64,0,2103,500,1017,414,775,86,242,246,307,43,281,324,363,50,40,163,145,1332,.492,.534,.355,.801,.578,.534,F,ingrabr01
152,D'Angelo Russell,5.1,2023-24,27,LAL,76,69,0,2484,492,1080,266,535,226,545,159,192,28,208,236,482,69,36,156,156,1369,.456,.497,.415,.828,.588,.560,G,russeda01
153,Isaiah Joe,5.1,2024-25,25,OKC,74,16,0,1604,259,588,67,122,192,466,46,56,41,155,196,119,48,9,38,113,756,.440,.549,.412,.821,.617,.604,G,joeis01
154,Zach LaVine,5.1,2024-25,29,CHISAC,74,74,0,2602,625,1223,386,687,239,536,235,285,22,293,315,310,58,12,208,121,1724,.511,.562,.446,.825,.639,.609,G-F,lavinza01
155,Luke Kornet,5.1,2023-24,28,BOS,63,7,0,983,142,203,141,202,1,1,49,54,118,143,261,67,23,61,21,77,334,.700,.698,1.000,.907,.736,.702,C-F,kornelu01
156,Tari Eason,5.0,2024-25,23,HOU,57,16,0,1420,272,559,209,375,63,184,79,104,128,234,362,83,97,50,65,136,686,.487,.557,.342,.760,.567,.543,F,easonta01
157,Santi Aldama,5.0,2024-25,24,MEM,65,16,0,1660,313,648,193,322,120,326,65,94,94,322,416,188,52,29,71,76,811,.483,.599,.368,.691,.588,.576,F,aldamsa01
158,Dyson Daniels,5.0,2024-25,21,ATL,76,76,0,2571,455,923,375,688,80,235,83,140,124,325,449,333,229,55,155,175,1073,.493,.545,.340,.593,.545,.536,G,daniedy01
159,Keon Ellis,5.0,2024-25,25,SAC,80,28,0,1948,227,464,88,143,139,321,73,86,60,152,212,120,121,63,71,176,666,.489,.615,.433,.849,.664,.639,G,elliske01
160,Tre Jones,4.9,2023-24,24,SAS,77,48,0,2138,303,600,239,409,64,191,101,118,58,231,289,478,78,9,116,92,771,.505,.584,.335,.856,.591,.558,G,jonestr01
161,Dereck Lively II,4.9,2023-24,19,DAL,55,42,0,1294,221,296,221,294,0,2,41,81,135,243,378,60,36,77,50,144,483,.747,.752,.000,.506,.728,.747,C,livelde01
162,Andre Drummond,4.9,2023-24,30,CHI,79,10,0,1351,267,480,267,477,0,3,129,218,265,443,708,37,73,48,81,140,663,.556,.560,.000,.592,.576,.556,C,drumman01
163,Naz Reid,4.9,2023-24,24,MIN,81,14,0,1964,406,851,237,443,169,408,109,148,73,350,423,106,63,73,111,172,1090,.477,.535,.414,.736,.595,.576,F,reidna01
164,Alex Caruso,4.9,2023-24,29,CHI,71,57,0,2040,253,541,117,208,136,333,73,96,62,211,273,247,120,70,102,181,715,.468,.563,.408,.760,.613,.593,G,carusal01
165,Kelly Olynyk,4.9,2023-24,32,TORUTA,78,27,0,1759,276,497,216,342,60,155,150,180,108,303,411,347,74,30,152,230,762,.555,.632,.387,.833,.661,.616,C-F,olynyke01
166,Dejounte Murray,4.9,2023-24,27,ATL,78,78,0,2783,672,1463,471,909,201,554,208,262,62,354,416,502,111,24,201,138,1753,.459,.518,.363,.794,.555,.528,G,murrade01
167,Sam Hauser,4.9,2023-24,26,BOS,79,13,0,1741,249,558,52,93,197,465,17,19,45,231,276,82,40,25,32,99,712,.446,.559,.424,.895,.629,.623,F,hausesa01
168,Zach Edey,4.9,2024-25,22,MEM,66,55,0,1416,251,433,233,381,18,52,90,127,232,316,548,65,36,85,88,182,610,.580,.612,.346,.709,.624,.600,C,edeyza01
169,Jalen Duren,4.8,2023-24,20,DET,61,60,0,1777,349,564,349,560,0,4,143,181,192,517,709,147,33,47,129,192,841,.619,.623,.000,.790,.653,.619,C,durenja01
170,Trayce Jackson-Davis,4.8,2023-24,23,GSW,68,16,0,1130,233,332,233,331,0,1,74,132,135,206,341,82,29,76,49,108,540,.702,.704,.000,.561,.692,.702,F,jackstr02
171,Kentavious Caldwell-Pope,4.8,2023-24,30,DEN,76,76,0,2402,270,587,145,279,125,308,101,113,31,152,183,183,98,42,75,151,766,.460,.520,.406,.894,.602,.566,G,caldwke01
172,Obi Toppin,4.8,2023-24,25,IND,82,28,0,1730,332,579,230,326,102,253,77,100,85,235,320,128,47,43,69,143,843,.573,.706,.403,.770,.677,.661,F,toppiob01
173,Mark Williams,4.7,2024-25,23,CHO,44,41,0,1171,270,447,270,443,0,4,131,163,132,315,447,109,32,54,71,105,671,.604,.609,.000,.804,.647,.604,C,willima07
174,Malik Beasley,4.7,2024-25,28,DET,82,18,0,2283,461,1071,142,305,319,766,95,140,47,167,214,139,73,5,83,125,1336,.430,.466,.416,.679,.590,.579,G,beaslma01
175,Immanuel Quickley,4.7,2023-24,24,NYKTOR,68,38,0,1985,388,894,217,461,171,433,209,245,17,242,259,331,50,10,101,119,1156,.434,.471,.395,.853,.577,.530,G,quickim01
176,Myles Turner,4.7,2024-25,28,IND,72,72,0,2174,390,811,234,417,156,394,184,238,90,381,471,111,54,144,123,183,1120,.481,.561,.396,.773,.612,.577,C-F,turnemy01
177,Jalen Suggs,4.7,2023-24,22,ORL,75,75,0,2025,336,714,183,329,153,385,118,156,48,181,229,205,106,47,132,205,943,.471,.556,.397,.756,.602,.578,G,suggsja01
178,Coby White,4.7,2023-24,23,CHI,79,78,0,2881,541,1209,332,653,209,556,218,260,44,314,358,405,53,18,166,186,1509,.447,.508,.376,.838,.570,.534,G,whiteco01
179,Bobby Portis,4.7,2023-24,28,MIL,82,4,0,2008,466,918,366,672,100,246,98,124,142,465,607,104,68,34,91,189,1130,.508,.545,.407,.790,.581,.562,F,portibo01
180,Derrick Jones Jr.,4.7,2024-25,27,LAC,77,55,0,1873,310,589,232,370,78,219,83,118,93,170,263,60,79,33,66,153,781,.526,.627,.356,.703,.609,.593,F,jonesde02
181,Harrison Barnes,4.7,2023-24,31,SAC,82,82,0,2381,347,732,198,347,149,385,157,196,67,182,249,99,54,12,58,98,1000,.474,.571,.387,.801,.611,.576,F,barneha02
182,Scotty Pippen Jr.,4.7,2024-25,24,MEM,79,21,0,1683,285,594,198,375,87,219,122,171,65,194,259,347,103,30,138,203,779,.480,.528,.397,.713,.582,.553,G,pippesc02
183,Kyrie Irving,4.6,2024-25,32,DAL,50,50,1,1804,447,945,303,586,144,359,196,214,60,180,240,231,66,23,111,101,1234,.473,.517,.401,.916,.594,.549,G,irvinky01
184,Trae Young,4.6,2023-24,25,ATL,54,54,1,1942,433,1008,258,539,175,469,348,407,23,126,149,583,72,11,235,109,1389,.430,.479,.373,.855,.585,.516,G,youngtr01
185,Jonathan Kuminga,4.6,2023-24,21,GSW,74,46,0,1949,456,862,403,697,53,165,223,299,92,263,355,163,55,36,122,169,1188,.529,.578,.321,.746,.598,.560,F,kuminjo01
186,Wendell Carter Jr.,4.6,2024-25,25,ORL,68,51,0,1758,226,491,189,333,37,158,129,175,151,341,492,134,52,41,77,199,618,.460,.568,.234,.737,.544,.498,C,cartewe01
187,Kentavious Caldwell-Pope,4.6,2024-25,31,ORL,77,77,0,2279,239,544,126,214,113,330,82,95,33,136,169,136,99,34,62,136,673,.439,.589,.342,.863,.574,.543,G,caldwke01
188,Luguentz Dort,4.6,2023-24,24,OKC,79,79,0,2246,288,657,132,261,156,396,128,155,74,210,284,113,72,47,74,228,860,.438,.506,.394,.826,.593,.557,G,dortlu01
189,Tyus Jones,4.5,2023-24,27,WAS,66,66,0,1933,326,666,220,410,106,256,32,40,20,159,179,485,71,18,66,48,790,.489,.537,.414,.800,.578,.569,G,jonesty01
190,Coby White,4.5,2024-25,24,CHI,74,73,0,2450,508,1121,292,537,216,584,277,307,25,248,273,330,69,16,177,154,1509,.453,.544,.370,.902,.601,.550,G,whiteco01
191,Onyeka Okongwu,4.5,2023-24,23,ATL,55,8,0,1405,223,365,200,296,23,69,92,116,145,231,376,74,26,60,45,162,561,.611,.676,.333,.793,.674,.642,F,okongon01
192,Kyle Anderson,4.5,2023-24,30,MIN,79,10,0,1782,199,433,188,385,11,48,97,137,60,213,273,331,71,47,91,128,506,.460,.488,.229,.708,.513,.472,F-G,anderky01
193,Al Horford,4.4,2024-25,38,BOS,60,42,0,1659,195,461,81,147,114,314,34,38,79,290,369,128,36,51,46,81,538,.423,.551,.363,.895,.563,.547,C-F,horfoal01
194,De'Andre Hunter,4.4,2024-25,27,ATLCLE,64,9,0,1740,358,762,201,374,157,388,215,254,44,214,258,92,50,13,82,155,1088,.470,.537,.405,.846,.623,.573,F,huntede01
195,Keegan Murray,4.4,2024-25,24,SAC,76,76,0,2610,364,820,210,371,154,449,60,72,146,361,507,109,61,69,60,186,942,.444,.566,.343,.833,.553,.538,F,murrake02
196,Brandon Clarke,4.4,2024-25,28,MEM,64,18,0,1207,236,380,235,363,1,17,61,87,127,199,326,66,52,36,41,145,534,.621,.647,.059,.701,.638,.622,F,clarkbr01
197,Sam Hauser,4.4,2024-25,27,BOS,71,19,0,1541,214,474,48,75,166,399,11,11,44,180,224,64,41,13,23,87,605,.451,.640,.416,1.000,.632,.627,F,hausesa01
198,Wendell Carter Jr.,4.4,2023-24,24,ORL,55,48,0,1406,223,425,159,254,64,171,93,134,112,269,381,95,35,28,68,121,603,.525,.626,.374,.694,.623,.600,C,cartewe01
199,John Collins,4.4,2023-24,26,UTA,68,66,0,1901,397,746,311,514,86,232,147,185,157,418,575,77,40,61,98,191,1027,.532,.605,.371,.795,.621,.590,F,collijo01
200,Tyus Jones,4.4,2024-25,28,PHO,81,58,0,2174,306,683,140,282,166,401,51,57,40,156,196,429,69,8,91,63,829,.448,.496,.414,.895,.585,.570,G,jonesty01
