rank,Player,Team,Pos,G,GS,MP,PER,BPM,VORP,WS,WS/48,TS%,composite_score,h2h_win_rate,final_score,Has_Playoff_Data,Playoff_Games,ringer_rank
1,Nikola Jokić,DEN,C,144.0,144.0,8761.0,32.56523227942016,13.58261613971008,9.800000000000002,16.4,0.2992280561579729,0.6615869193014496,4.885007692496214,0.9994362416107382,7.339905827612441,True,74.0,
2,Giannis Antetokounmpo,MIL,PF,134.0,134.0,7799.0,31.630401333504295,10.701051416848314,7.165200666752148,11.5,0.2692600333376074,0.6306520066675214,3.824143486617644,0.9914093959731544,5.849025269434096,True,67.0,3.0
3,Shai Gilgeous-Alexander,OKC,PG,132.0,132.0,7453.0,24.316127733798467,6.2235341473232255,4.861223668321481,16.7,0.1813225546759694,0.5848867570105998,3.146856086886841,0.9778791946308726,4.881462826613786,True,56.0,2.0
4,LeBron James,LAL,SF,126.0,126.0,7654.0,25.082414423830674,7.029448654298406,4.972275934152076,7.7,0.16561379670760387,0.6142103475307028,2.5049781427045326,0.9375167785234901,3.9129171587655973,True,56.0,18.0
5,Joel Embiid,PHI,C,87.0,87.0,6316.5,30.49118974115412,8.682023272381857,5.9820232723818565,1.4,0.2398230032454682,0.612728568036096,2.322138299889311,0.9186442953020133,3.623215304530249,True,68.0,71.0
6,Jayson Tatum,BOS,PF,148.0,148.0,9451.5,21.772237211024702,5.05552557795059,4.8,9.5,0.17038813944876477,0.5791105115590117,2.3201024901165277,0.9168322147651007,3.6169899623787956,True,76.0,
7,Karl-Anthony Towns,NYK,C,146.0,146.0,8707.0,23.89764557252785,4.595291145055702,4.139830021821523,10.1,0.19726553347881018,0.6371092224646835,2.24819226795662,0.9091812080536912,3.5026233844646506,True,74.0,21.0
8,Rudy Gobert,MIN,C,138.0,138.0,7688.0,22.71207075962539,3.7613423517169613,3.2272632674297608,10.1,0.24536316337148806,0.718022372528616,2.23935560426702,0.9073825503355704,3.4869619841502346,True,66.0,52.0
9,Luka Dončić,2TM,PG,115.0,115.0,7521.5,24.864807551685168,7.847211327527753,5.429615103370338,5.9,0.15923519244831483,0.5747630791730373,2.2153802303153194,0.9023758389261746,3.4442327878914174,True,65.0,
10,Jarrett Allen,CLE,C,138.0,138.0,6818.5,22.696942142700006,4.001019285766664,3.0030578572999924,11.6,0.23106115714599984,0.7067550047664443,2.19056389325866,0.9008322147651006,3.40681838795368,True,56.0,59.0
11,Stephen Curry,GSW,PG,134.0,134.0,7779.5,21.428947875827497,5.944739379137476,4.515791503309982,7.9,0.17155260620862522,0.6059211388906741,2.1613664636815137,0.8935436241610737,3.3525515062757845,True,64.0,7.0
12,Jimmy Butler,2TM,SF,112.0,112.0,6573.5,23.281265687989656,5.928143302654599,3.734388073324713,8.7,0.2306561192667529,0.6010308055069598,2.0875941857576406,0.8814496644295303,3.227274928589373,True,57.0,24.0
13,Domantas Sabonis,SAC,C,132.0,131.0,7769.0,22.212652851074782,4.443918136182262,3.575183421289741,10.1,0.17150611404299138,0.6426277513193461,2.087540533333028,0.8806040268456374,3.225616809200336,True,62.0,38.0
14,James Harden,LAC,PG,144.0,144.0,8836.5,20.615939568833813,4.094686810388728,3.920935890907033,8.3,0.14915939568833814,0.5826843772987041,1.9752017906793926,0.8605100671140941,3.0317072285271625,True,65.0,22.0
15,Ivica Zubac,LAC,C,156.0,156.0,7254.0,20.321367521367524,1.5681555004135652,2.0596360628618693,11.7,0.19712848083815823,0.6531271022883925,1.9304289852918848,0.8494228187919464,2.948659149666983,True,76.0,47.0
16,Kevin Durant,PHO,PF,117.0,117.0,7382.5,24.25005079580088,5.972773450728073,4.247748052827633,5.2,0.1713078225533356,0.6364544530985439,1.8751098415082086,0.8373422818791946,2.8490792856411473,True,55.0,11.0
17,Donovan Mitchell,CLE,SG,138.0,138.0,7897.0,21.40215271622135,4.130416613904014,3.486944409269343,7.6,0.15510902874509308,0.5728479169304799,1.844083492588784,0.8307785234899328,2.7936253211381494,True,67.0,8.0
18,Tyrese Haliburton,IND,PG,150.0,150.0,9188.5,19.16028731566632,3.4535887250367305,3.5801436578331614,10.4,0.14607297164934427,0.6006016760080535,1.8252682938827622,0.8261208053691275,2.7587283423311435,True,77.0,
19,Anthony Davis,2TM,C,91.0,91.0,5216.0,24.684969325153375,4.323312883435583,2.3924846625766873,6.7,0.1657933282208589,0.5812707055214723,1.7498019951743953,0.8084026845637583,2.6205636871149527,True,40.0,19.0
20,Trae Young,ATL,PG,152.0,152.0,9369.0,23.324335574767854,3.825968619916747,3.8937239833493438,5.7,0.1573198847262248,0.5924755043227666,1.7104542493098585,0.7957852348993288,2.542197483644691,True,76.0,39.0
21,Bam Adebayo,MIA,C,134.0,134.0,7236.5,20.728404615490916,3.1348718303047054,2.6999999999999997,7.5,0.16841567055897189,0.5906327644579561,1.6734633715647287,0.7880402684563759,2.4762339585794004,True,56.0,30.0
22,Jalen Duren,DET,C,78.0,78.0,2034.0,21.4,3.1,2.7,9.2,0.218,0.703,1.5592693588837425,0.7529127516778524,2.2515926244013014,False,0.0,43.0
23,Pascal Siakam,IND,PF,146.0,146.0,8993.0,19.988335371955966,2.990003335927944,3.260002223951963,7.5,0.14845001667963972,0.574633270321361,1.5385190356242466,0.7449261744966442,2.2077701654105306,True,68.0,25.0
24,Ja Morant,MEM,PG,107.0,107.0,6241.5,23.15880797885124,5.1995273572058,3.364583834014259,3.5,0.1566411119122006,0.5720795481855323,1.512551026749346,0.735946308724832,2.154829021389053,True,57.0,60.0
25,Kristaps Porziņģis,BOS,C,93.0,93.0,4912.5,23.355165394402036,4.0970483460559795,2.1753689567430023,5.3,0.18788193384223917,0.5870987277353689,1.495904511623285,0.7330604026845637,2.1262668319624547,True,51.0,
26,Evan Mobley,CLE,PF,140.0,140.0,7994.5,17.78058039902433,1.6842454187253735,2.069228844830821,9.0,0.13220870598536494,0.5717691537932328,1.489426464610778,0.7285369127516778,2.1087843629559524,True,69.0,16.0
27,Darius Garland,CLE,PG,143.0,143.0,8376.0,19.247242120343838,2.737356733524355,2.854942693409742,8.1,0.1370873925501433,0.582593123209169,1.4741442452397995,0.7251409395973154,2.0811650361122176,True,68.0,44.0
28,Anthony Edwards,MIN,SG,151.0,151.0,9036.0,17.64382470119522,2.1849601593625496,2.82609561752988,8.4,0.10179282868525898,0.5711205179282869,1.471965866538179,0.7216510067114095,2.071599531192975,True,72.0,6.0
29,Chris Paul,SAS,PG,147.0,147.0,7639.5,18.969880227763596,4.019909679952876,3.279952876497153,5.7,0.18299823286864322,0.5806999803652071,1.4560186829091184,0.7192214765100671,2.044864811947205,True,65.0,
30,Devin Booker,PHO,SG,143.0,143.0,8657.5,20.654317066127636,2.9054865723361245,2.9866012128212533,6.4,0.14147213398787178,0.5801969390701703,1.4306787447469815,0.70751677852349,1.9876951031836054,True,68.0,12.0
31,Jalen Williams,OKC,SG,69.0,69.0,2237.0,20.3,4.0,3.4,7.8,0.168,0.573,1.4106413101505382,0.7019328859060404,1.9493634907818953,False,0.0,17.0
32,DeMar DeRozan,SAC,SF,153.0,153.0,9625.5,21.54712482468443,1.7523193600332452,2.5823749415614774,7.1,0.145085346215781,0.5839610409848839,1.4016192175162183,0.7006040268456375,1.934323836707332,True,76.0,77.0
33,Jalen Brunson,NYK,PG,144.0,126.0,8611.0,18.302473580304266,1.5413192428289397,2.2206596214144696,8.3,0.15074927418418302,0.5888787597259318,1.3370972783357946,0.6771409395973155,1.800627118874272,True,79.0,9.0
34,Robert Williams,POR,C,81.0,64.0,4861.0,21.86893643283275,5.319481588150587,3.1833779057807035,1.3,0.2557179592676404,0.7402343139271754,1.3388652938938115,0.6750604026845637,1.799190879849442,True,61.0,
35,Josh Hart,NYK,SG,131.0,130.0,7374.5,16.25713607702217,1.646396365855312,2.203532442877483,9.2,0.1311422469319954,0.6103928401925555,1.3316126424875294,0.6707651006711408,1.7810580869701755,True,54.0,92.0
36,Damian Lillard,MIL,PG,87.0,87.0,4733.0,19.738199873230506,2.4939784491865624,1.9170927530107755,7.6,0.12145256708218889,0.5813972110712022,1.3153454853086288,0.6662818791946309,1.7500326350920867,True,29.0,
37,Desmond Bane,MEM,SG,145.0,144.0,7870.0,17.68405336721728,2.8400889453621345,2.756035578144854,6.5,0.14991804320203303,0.5942414231257942,1.2986345059819344,0.6585100671140939,1.7122317726807013,True,76.0,53.0
38,Victor Wembanyama,SAS,C,46.0,46.0,1527.0,24.2,6.5,3.3,3.8,0.118,0.594,1.2593801242464926,0.6447382550335571,1.6318338802561105,False,0.0,5.0
39,Jakob Poeltl,TOR,C,125.0,123.0,6611.0,20.595976402964755,1.7020117985176222,1.7000000000000002,5.5,0.16544970503705944,0.6201408258962335,1.2361005087929935,0.6369261744966443,1.5848194773993278,True,68.0,
40,Nikola Vučević,CHI,C,146.0,145.0,8323.0,18.774768713204374,1.365288958308302,2.04632944851616,7.3,0.1072430613961312,0.5543485522047339,1.2191252540509332,0.6303087248322148,1.5488125360614495,True,73.0,
41,Daniel Gafford,DAL,C,129.0,84.0,4836.0,22.535194375516955,2.157733664185277,1.4267576509511994,5.9,0.20661952026468158,0.7100281224152191,1.1781348216764618,0.611959731543624,1.4574285933884166,True,72.0,
42,Dejounte Murray,NOP,PG,99.0,99.0,6927.0,21.291944564746643,4.377335065685001,3.771791540349358,0.2,0.1285467013137,0.5273022953659593,1.1657040286744302,0.6061610738255033,1.4292770136812445,True,68.0,
43,Kyrie Irving,DAL,SG,79.0,79.0,4531.5,20.80284673949023,3.1592408694692704,1.8379123910404944,4.6,0.13784365000551693,0.5927962043473464,1.1589826638896745,0.6021879194630873,1.4124865648570442,True,29.0,
44,Derrick White,BOS,SG,151.0,128.0,8071.5,15.374019698940717,1.7291395651365917,2.237799665489686,8.5,0.1259882921390076,0.567177290466456,1.150962125739039,0.6004026845637583,1.3979856743593604,True,75.0,45.0
45,Amen Thompson,HOU,SF,69.0,42.0,2225.0,18.7,4.1,3.4,8.0,0.172,0.602,1.1261962757638513,0.590979865771812,1.3458875047930507,False,0.0,34.0
46,Jrue Holiday,BOS,PG,129.0,126.0,7413.5,18.188777230727727,2.5606258852094155,2.4908005665340256,5.1,0.14488500708167532,0.5858390099143455,1.1187095390489232,0.587006711409396,1.3280322880073634,True,67.0,51.0
47,Isaiah Hartenstein,OKC,C,125.0,53.0,4630.0,20.935421166306696,4.053563714902808,2.034341252699784,6.8,0.21156587473002159,0.6416781857451405,1.1129348216311787,0.5828187919463087,1.3121566399068492,True,68.0,62.0
48,Zach LaVine,2TM,SG,141.0,141.0,8422.0,19.16582759439563,1.8747803372120635,2.3528378057468533,5.1,0.11196722868677274,0.6155043932557588,1.0943011213848972,0.5785234899328858,1.27819079162637,True,67.0,64.0
49,Fred VanVleet,HOU,PG,125.0,125.0,8266.0,16.150774255988384,2.910464553593032,2.989233002661505,5.2,0.12793539801596904,0.5425508105492379,1.0861202853595915,0.5749530201342281,1.2601239975118959,True,65.0,
50,Deandre Ayton,POR,C,98.0,98.0,5488.5,20.977124897512983,2.0309374145941512,1.7264553156600164,2.8,0.18322410494670677,0.6399595517901067,1.0770945211215026,0.5671946308724832,1.2330397655282999,True,58.0,
51,LaMelo Ball,CHO,PG,122.0,122.0,7560.0,19.580555555555556,3.3601851851851854,3.0412037037037036,2.0,0.10584722222222223,0.5504166666666668,1.0668182447849808,0.5624161073825504,1.20979572930423,True,75.0,49.0
52,Jaren Jackson Jr.,MEM,C,152.0,152.0,7522.0,17.76285562350439,0.6041744216963573,1.4107684126562083,6.4,0.12628130816272268,0.5514307365062483,1.0233262419559266,0.5448456375838926,1.1163894653023863,True,78.0,41.0
53,Jaylen Brown,BOS,SF,129.0,129.0,7708.0,18.592034250129736,1.512065386611313,1.8920342501297358,5.2,0.12148028022833421,0.5686805915931499,1.0183846477014993,0.5451275167785234,1.1100426586090668,True,66.0,13.0
54,Zion Williamson,NOP,PF,30.0,30.0,857.0,27.3,7.0,1.9,2.5,0.141,0.6,1.017393881527261,0.5446845637583893,1.1078348857495803,False,0.0,61.0
55,Mike Conley,MIN,PG,143.0,136.0,6901.0,16.20762208375598,2.6165338356759893,2.3692073612519926,5.2,0.1531831618605999,0.5722544558759599,1.0172132236493983,0.5440536912751678,1.1064022327609317,True,72.0,
56,Clint Capela,ATL,C,129.0,114.0,6281.0,20.707244069415697,1.4383060022289444,1.7629836013373665,3.2,0.18301719471421748,0.5965107466963859,1.0185008842330228,0.5426442953020135,1.1055544645097846,True,74.0,
57,Al Horford,BOS,C,129.0,111.0,6671.5,15.75505508506333,3.529123885183242,2.7275275425316647,4.4,0.16806917484823503,0.5712646331409728,0.997846412936233,0.5335838926174497,1.0598545851401595,True,69.0,
58,Alperen Şengün,HOU,C,148.0,89.0,6117.5,18.11409889660809,1.1140988966080916,1.7702492848385778,8.3,0.10636697997548018,0.5492595014303229,0.9967552680393612,0.5338657718120806,1.05886443571585,True,72.0,
59,Jonas Valančiūnas,2TM,C,155.0,95.0,7124.0,21.114430095451993,1.621897810218978,1.94329028635598,4.3,0.15193542953396966,0.6137911285794497,0.9751134724117803,0.5251812080536913,1.012494781875149,True,74.0,
60,Mitchell Robinson,NYK,C,89.0,65.0,4910.0,20.682281059063136,2.264969450101833,1.9054989816700612,1.3,0.22099999999999997,0.7192830957230142,0.9521481191045462,0.5171677852348993,0.96554055444864,True,72.0,100.0
61,Mark Williams,CHO,C,44.0,41.0,1171.0,23.9,3.5,1.6,4.7,0.195,0.647,0.9477988217546696,0.513261744966443,0.9521757446682357,False,0.0,
62,Tyler Herro,MIA,SG,143.0,87.0,8102.5,17.377105831533477,1.5071582844800988,2.1726319037334156,7.4,0.09980684973773528,0.5757979018821352,0.9267863114790897,0.5032483221476509,0.9041932135381134,True,66.0,54.0
63,Walker Kessler,UTA,C,58.0,58.0,1740.0,20.0,1.8,1.7,5.4,0.149,0.66,0.9184084527920309,0.4990738255033558,0.8847212693071739,False,0.0,
64,Miles Bridges,CHO,PF,144.0,144.0,9121.5,17.855511703119003,1.5667324453214933,2.3887792577975113,3.2,0.1123228087485611,0.5814330428109412,0.9158661671000785,0.4977181208053691,0.8786459055788207,True,80.0,
65,Julius Randle,MIN,PF,141.0,141.0,8586.0,16.166666666666668,0.7074074074074074,1.6518518518518517,6.2,0.07844444444444443,0.5307777777777778,0.8670205230214185,0.476751677852349,0.7714327260198434,True,72.0,33.0
66,Onyeka Okongwu,ATL,C,122.0,46.0,4544.0,19.43661971830986,1.0271126760563383,1.154225352112676,7.2,0.186556338028169,0.677661971830986,0.863635607734214,0.4744429530201343,0.7624005591249834,True,48.0,87.0
67,Mikal Bridges,NYK,SF,164.0,164.0,10171.0,14.28060171074624,0.9731589814177564,2.1821059876118376,5.7,0.1320902566119359,0.6144631796283552,0.8581807480644623,0.4737852348993289,0.7535802877883513,True,82.0,56.0
68,Christian Braun,DEN,SG,79.0,77.0,2675.0,16.0,0.3,1.6,8.0,0.144,0.665,0.8520146126499714,0.46846979865771815,0.7350488020900652,False,0.0,91.0
69,Scottie Barnes,TOR,PF,139.0,139.0,8676.5,16.668927562957414,1.2689275629574135,1.9983806834553104,3.5,0.11117812481991586,0.54486740044949,0.8281445570691954,0.46004026845637586,0.6860568011245621,True,74.0,31.0
70,Cameron Johnson,BRK,PF,123.0,73.0,6125.0,16.081632653061224,2.817551020408163,2.1587755102040815,5.1,0.15041632653061227,0.6270571428571429,0.8301808593570923,0.4571140939597316,0.6834103171149409,True,66.0,
71,Myles Turner,IND,C,114.0,114.0,5261.5,16.862852798631568,0.986809845101207,1.1826380309797588,4.7,0.11338895752161932,0.6137604295353036,0.8108613178079926,0.4497315436241611,0.6427093856715337,True,42.0,68.0
72,OG Anunoby,NYK,PF,122.0,122.0,7026.0,15.031084543125534,0.5770281810418445,1.4081127241673783,6.5,0.10862169086251067,0.5651759180187874,0.8068435795315725,0.4481208053691276,0.6341038487138934,True,48.0,42.0
73,Tyrese Maxey,PHI,PG,127.0,126.0,8585.0,16.953407105416424,0.9196272568433314,1.8456610366919044,3.8,0.12332440302853814,0.5866942341292953,0.8037050270509765,0.44702013422818787,0.6276765295049538,True,75.0,15.0
74,Cade Cunningham,DET,PG,134.0,134.0,7672.0,15.497028154327426,0.1578206465067778,1.3186131386861313,5.9,0.029270072992700735,0.5234958289885298,0.7889783661658207,0.4415570469798658,0.5969593556219842,True,64.0,10.0
75,Wendell Carter Jr.,ORL,C,130.0,112.0,6388.0,17.10654351909831,0.8294301815904821,1.314715090795241,4.6,0.12789918597370067,0.5853134001252348,0.7862550138032989,0.43994630872483215,0.5901545388065219,True,62.0,
76,Jamal Murray,DEN,PG,67.0,67.0,2418.0,17.8,0.8,1.7,6.2,0.123,0.584,0.7868680555086938,0.4387248322147651,0.5887201404708425,False,0.0,29.0
77,Franz Wagner,ORL,SF,139.0,139.0,8095.5,16.049416342412453,0.24958927799394728,1.2498054474708171,5.6,0.09249416342412452,0.5587501080847385,0.7756340064104701,0.43595973154362416,0.5679138615928867,True,79.0,37.0
78,Brook Lopez,MIL,C,93.0,91.0,3291.0,15.071649954421149,0.32461257976299,1.4151625645700396,6.6,0.12037800060771801,0.6117757520510483,0.7751563328330023,0.4298523489932886,0.5558130931885297,True,13.0,
79,Goga Bitadze,ORL,C,120.0,58.0,3252.5,18.52759415833974,0.6508839354342814,0.8155265180630284,5.8,0.15409531129900078,0.6108278247501923,0.7641930477832934,0.4352214765100671,0.5506150584468248,True,50.0,
80,John Collins,UTA,PF,94.0,84.0,5377.5,18.768061366806137,1.386564388656439,1.3638772663877266,2.5,0.13511018131101815,0.6140836820083682,0.7614617349566766,0.427503355704698,0.5323629273902607,True,54.0,
81,Paolo Banchero,ORL,PF,46.0,46.0,1582.0,20.0,3.5,2.2,3.5,0.106,0.551,0.757464366582069,0.42536912751677847,0.5228054794472594,False,0.0,28.0
82,Dyson Daniels,ATL,SG,76.0,76.0,2571.0,15.6,1.5,2.3,5.0,0.093,0.545,0.7526749903386314,0.42412080536912755,0.5138050913722817,False,0.0,73.0
83,Brandon Clarke,MEM,PF,128.0,19.0,4322.0,21.996459972235076,3.2504858861638133,1.6928042572882924,4.4,0.2222889865802869,0.6538560851457659,0.7509154483119198,0.42257718120805365,0.5084667784644633,True,64.0,
84,Harrison Barnes,SAS,PF,159.0,159.0,8697.5,15.494883587237712,0.148720896809428,1.348720896809428,5.6,0.11405116412762288,0.6314610520264443,0.7475693779761872,0.4213959731543624,0.501599957593419,True,77.0,
85,Draymond Green,GSW,PF,114.0,110.0,5305.5,13.58985015549901,2.1908396946564888,1.6131184619734238,3.7,0.11492818772971444,0.5640593723494487,0.7269863375937768,0.4122684563758389,0.45587377831652925,True,46.0,57.0
86,Norman Powell,LAC,SG,105.0,101.0,5603.0,16.71934677851151,0.32902016776726756,1.0193467785115116,5.3,0.10558040335534535,0.6071934677851151,0.7151832922698966,0.40830872483221475,0.432038946096425,True,45.0,
87,Austin Reaves,LAL,SG,134.0,92.0,6095.0,14.261279737489746,-0.3101722723543888,1.0877768662838392,7.6,0.11666365873666941,0.6066940114848236,0.7096280220108191,0.40416107382550337,0.416543991653763,True,61.0,32.0
88,Nic Claxton,BRK,C,117.0,81.0,4317.0,17.68450312717165,0.4564049108176975,0.8179754459115127,4.3,0.14440699559879547,0.6270970581422284,0.7062004152640204,0.40326174496644296,0.4100915656419832,True,47.0,
89,Tobias Harris,DET,PF,146.0,146.0,8662.5,15.367821067821067,0.02660894660894661,1.2733910533910533,5.2,0.10579826839826839,0.5673304473304474,0.6934185757403719,0.3993959731543624,0.38507099942093437,True,73.0,
90,Khris Middleton,2TM,SF,103.0,87.0,6195.5,17.90950690016948,1.47754015010895,1.7231135501573722,2.0,0.11859180050036316,0.5784967314986684,0.6790668929883532,0.39222818791946307,0.35168339324498515,True,66.0,
91,Steven Adams,HOU,C,134.0,78.0,5791.5,17.462902529569195,1.7669343002676337,1.7943537943537944,2.3,0.15943546576879913,0.5573951480618148,0.677841892889514,0.39053691275167784,0.34681224234434765,True,76.0,
92,Josh Giddey,CHI,PG,124.0,123.0,6367.0,14.895979268101149,0.39673315533218156,1.2314904978796923,5.3,0.04690702057483901,0.5085896026386052,0.6769489362334888,0.3887248322147651,0.3421768113660616,True,54.0,48.0
93,Kevon Looney,GSW,C,158.0,86.0,5472.0,15.971308479532164,0.7747807017543861,1.1747807017543859,4.3,0.18595650584795323,0.5753563596491227,0.6716114242591535,0.38895302013422817,0.3351786746045844,True,82.0,
94,Kawhi Leonard,LAC,SF,37.0,37.0,1180.0,20.5,3.1,1.5,3.5,0.141,0.589,0.6590011875171197,0.38271140939597315,0.3059480152919569,False,0.0,20.0
95,Payton Pritchard,BOS,PG,151.0,5.0,4773.5,16.23695401696868,2.6087776264795224,2.0466533989734996,8.6,0.1646513040745784,0.6041663349743376,0.6546998373010863,0.3831812080536912,0.30084378579513654,True,71.0,79.0
96,De'Aaron Fox,2TM,PG,121.0,121.0,7448.5,17.67077935154729,-0.2991340538363429,0.8805195676981942,4.3,0.06853030811572801,0.5523095254078003,0.6375977349744331,0.3746577181208054,0.2610912647834013,True,59.0,36.0
97,Andrew Wiggins,2TM,SF,133.0,133.0,7664.5,15.336460303998955,0.5201643942853416,1.4,4.0,0.1047596712114293,0.5614419727314242,0.6277173719565162,0.36766442953020134,0.23425080628373374,True,73.0,93.0
98,Jaxson Hayes,LAL,C,126.0,63.0,4588.0,17.85677855274629,0.08088491717523977,0.7285309503051438,3.7,0.17114123801220577,0.6895292066259809,0.6061659984193412,0.3585503355704698,0.18720263861482656,True,70.0,
99,Dwight Powell,DAL,C,137.0,74.0,5046.0,17.532183908045976,0.8017241379310345,1.1908045977011494,1.7,0.21113793103448278,0.7236896551724138,0.5993938822923042,0.35660402684563747,0.17413690922788355,True,82.0,
100,Gary Payton II,GSW,SG,133.0,27.0,4044.5,17.433279762640623,3.1728396587958954,1.5707998516503896,3.0,0.18891519347261715,0.6689151934726172,0.5938250222750081,0.35190604026845634,0.15759253070982854,True,71.0,
101,Kevin Love,MIA,PF,97.0,13.0,4413.5,19.406638722102638,4.266829047241418,2.557822589781353,0.4,0.15939345190891582,0.5879716778067293,0.5911369146049994,0.3535838926174496,0.15699472079667104,True,74.0,
102,Aaron Gordon,DEN,PF,126.0,117.0,7387.0,15.633003925815622,-0.24740760795992964,0.958765398673345,4.3,0.11244361716529036,0.6114024637877351,0.5840969756649228,0.3510335570469798,0.1424253457386353,True,75.0,35.0
103,Luke Kornet,BOS,C,88.0,16.0,1618.5,19.1227062094532,2.6954278653073835,1.5136237256719185,7.0,0.23772690763052207,0.6548396663577387,0.5867138434015331,0.3481879194630872,0.14073733868939142,True,15.0,
104,Dereck Lively II,DAL,C,36.0,29.0,833.0,20.1,3.3,1.1,3.4,0.199,0.704,0.5781357890121667,0.34491275167785235,0.12267090449887746,False,0.0,
105,Tyus Jones,PHO,PG,154.0,81.0,6046.5,15.78090630943521,1.1247250475481683,1.2921359464152815,4.4,0.13570809559249153,0.5587414206565783,0.5740102817995886,0.34371812080536907,0.1146946142405103,True,73.0,
106,Andre Drummond,PHI,C,113.0,59.0,4343.5,20.1354898123633,0.5219408311269713,0.9579371474617244,1.2,0.15409301254748475,0.5672568205364337,0.5708931294032119,0.3440805369127517,0.11103673697975897,True,73.0,
107,Alex Caruso,OKC,SG,95.0,21.0,3908.5,12.818638864014329,1.2121018293462966,0.8663425866700781,3.9,0.10810157349366764,0.5386537034668031,0.35712457947221754,0.5,0.10561024161406536,True,41.0,63.0
108,Kyle Anderson,2TM,PF,130.0,15.0,4712.0,14.548853989813242,1.2637945670628183,1.1362054329371818,2.8,0.11767826825127334,0.512804753820034,0.35500943390984263,0.5,0.1026676993807862,True,69.0,
109,Thomas Bryant,2TM,C,93.0,17.0,2060.5,16.880417374423683,-0.25222033487017714,0.33368114535306964,3.1,0.1338903178840087,0.610271536034943,0.3517716907195371,0.5,0.09816342494811371,True,27.0,
110,Brandon Ingram,NOP,SF,73.0,73.0,5267.5,18.39501661129568,1.7401993355481729,1.7192691029900333,0.0,0.08793023255813955,0.5546777408637874,0.5641573156027828,0.3416912751677852,0.09719206899134503,True,55.0,55.0
111,Keldon Johnson,SAS,SF,152.0,74.0,7818.0,15.29403939626503,-0.7586083397288309,0.7354310565361986,3.2,0.09523842414939881,0.5735298030186748,0.34904664573898947,0.5,0.09437240456375609,True,75.0,
112,Caris LeVert,2TM,SG,122.0,52.0,6048.5,15.126386707448127,-0.6458791435893196,0.611093659585021,4.0,0.07483202446887657,0.5400404232454328,0.3465283823095887,0.5,0.09086905395406378,True,58.0,
113,Rui Hachimura,LAL,PF,101.0,70.0,4226.5,14.325127173784454,-1.090453093576245,0.32110493315982486,4.3,0.08936176505382705,0.596688394652786,0.3417446029552774,0.5,0.08421396929457364,True,42.0,
114,Royce O'Neale,PHO,SF,152.0,99.0,7852.0,10.838092205807438,0.6362328069281712,1.5362328069281712,2.8,0.1005776872134488,0.6026190779419256,0.3410310948450871,0.5,0.08322135309577885,True,77.0,
115,Kelly Olynyk,2TM,C,84.0,23.0,2801.0,16.1274187790075,0.8683684398429133,0.5727597286683327,1.7,0.10018279186004997,0.5762688325598,0.3365420639517079,0.5,0.0769763157682146,True,40.0,
116,Alec Burks,MIA,SG,130.0,58.0,6658.0,13.583343346350254,0.7351907479723641,1.5444577951336738,1.8,0.12262991889456294,0.5653513066987084,0.33521488006763456,0.5,0.07512996783846346,True,81.0,
117,Zach Collins,2TM,PF,92.0,16.0,2232.0,16.224910394265233,-0.1124551971326165,0.33131720430107525,2.7,0.12412813620071683,0.598814964157706,0.33487127120908694,0.5,0.0746519470364956,True,28.0,
118,Jaden McDaniels,MIN,PF,152.0,113.0,7121.5,11.40117250579232,-1.8355332444007582,0.2607035034753914,6.3,0.08335287509653866,0.5563035175173769,0.33167784314916093,0.5,0.0702093228018211,True,70.0,50.0
119,Gary Trent Jr.,MIL,SG,144.0,78.0,8013.0,13.99127667540247,-0.22523399475851744,1.040134780980906,3.3,0.10385773118682141,0.5566308498689629,0.329694812546817,0.5,0.06745057588573164,True,70.0,
120,Drew Eubanks,2TM,C,132.0,35.0,3858.5,17.535985486588054,-1.264662433588182,0.21933393805883114,1.7,0.12555319424646882,0.6349065699105871,0.32825298451122376,0.5,0.0654447376288623,True,71.0,
121,Jusuf Nurkić,2TM,C,107.0,88.0,5010.5,18.981658517114063,-0.03944716096197986,0.7514918670791338,1.5,0.10066520307354557,0.5794232112563616,0.5506369645311753,0.3345503355704698,0.06501126166208776,True,56.0,
122,Paul Reed,DET,C,83.0,2.0,1193.0,20.37200335289187,2.39371332774518,0.37342833193629504,1.6,0.19768147527242247,0.5698357082984074,0.32723689695905095,0.5,0.06403117981602759,True,38.0,
123,CJ McCollum,NOP,PG,118.0,118.0,7194.5,17.66340259920773,1.0596914309542012,1.6416498714295642,1.5,0.07005052470637292,0.5522360831190493,0.5504066193079878,0.33348993288590606,0.06270517779590451,True,62.0,
124,John Konchar,MEM,SG,118.0,11.0,3788.0,13.720116156283,1.5294614572333687,1.0968848996832101,1.5,0.15146462513199577,0.6116119324181626,0.3260914144135488,0.5,0.062437610641601755,True,72.0,
125,Chet Holmgren,OKC,C,32.0,32.0,877.0,19.2,2.4,1.0,3.2,0.173,0.599,0.545970204710399,0.33540939597315433,0.06012758586038791,False,0.0,27.0
126,Tre Jones,2TM,PG,115.0,20.0,3775.0,15.311655629139073,-0.02052980132450331,0.4958940397350993,2.9,0.12915099337748343,0.5622609271523178,0.32371695013685464,0.5,0.059134310131286,True,69.0,
127,Malik Monk,SAC,SG,141.0,82.0,7401.5,14.56650678916436,-0.5832533945821793,0.7444977369452137,2.8,0.07655981895561711,0.5836794568668513,0.32116888718174474,0.5,0.05558950310152944,True,76.0,
128,Trayce Jackson-Davis,GSW,C,62.0,37.0,967.0,18.5,1.2,0.8,3.4,0.167,0.587,0.3204554523092915,0.5,0.05459698878940303,False,0.0,
129,Keon Ellis,SAC,SG,80.0,28.0,1948.0,13.5,1.9,1.9,5.0,0.122,0.664,0.3203066344121217,0.5,0.054389956727270025,False,0.0,
130,Luguentz Dort,OKC,SF,122.0,122.0,6235.5,11.967548713014192,-1.4688717825354822,0.3321866730815492,5.6,0.06958816454173683,0.5559603079143615,0.31993273866346406,0.5,0.053869801495006316,True,51.0,
131,De'Anthony Melton,GSW,SG,79.0,17.0,4263.5,15.146077166647121,1.8233728157616982,1.5545912982291545,0.2,0.10612020640318988,0.5292838043860678,0.3150913760932239,0.5,0.047134608379714005,True,73.0,
132,DeAndre Jordan,DEN,C,104.0,25.0,2246.0,16.646215494211933,-1.3384683882457702,0.1307658058771149,1.8,0.1394621549421193,0.634846838824577,0.31398480414181446,0.5,0.04559517073574948,True,48.0,
133,Quentin Grimes,2TM,SG,121.0,43.0,3978.0,13.331372549019607,0.054223227752639526,0.7554298642533936,3.4,0.08396380090497738,0.5801809954751131,0.31195720409225675,0.5,0.04277441982188639,True,46.0,
134,Isaiah Jackson,IND,C,41.0,16.0,1436.5,20.365506439262095,-1.459658893143056,0.005847546119039332,0.3,0.1275788374521406,0.6065906717716673,0.3113032138550223,0.5,0.04186460352959591,True,36.0,
135,Malik Beasley,DET,SG,161.0,36.0,7223.0,12.690184134016338,-0.22588951959019796,0.9844662882458812,4.7,0.07879828326180259,0.5585393880659005,0.30820152992512023,0.5,0.03754961163477218,True,79.0,
136,Jordan Poole,WAS,SG,144.0,119.0,7708.5,16.229791788285663,0.8442498540572095,1.5702082117143414,2.0,0.10549289745086593,0.5961829149640007,0.5362437257194482,0.32915436241610735,0.034883609923228365,True,76.0,
137,Grayson Allen,PHO,SG,130.0,68.0,6056.5,12.95493271691571,0.22154709815900273,0.9980269132337158,2.5,0.10209708577561298,0.6146085197721456,0.30390545695854543,0.5,0.03157301297117885,True,66.0,
138,Trey Lyles,SAC,PF,144.0,28.0,5191.5,15.334623904459212,-0.40393913127227205,0.6220456515457959,2.6,0.10580304343638638,0.5783856303573148,0.30358927676282627,0.5,0.031133150298944846,True,75.0,
139,P.J. Washington,DAL,PF,122.0,84.0,6255.0,13.71734612310152,-0.33469224620303756,0.7826538768984812,2.4,0.08249240607513988,0.5786123101518785,0.301492955173757,0.5,0.028216795547716726,True,65.0,
140,Cason Wallace,OKC,SG,68.0,43.0,1876.0,12.3,1.0,1.5,5.2,0.133,0.562,0.3006596188771006,0.5,0.027057477110699682,False,0.0,95.0
141,Kel'el Ware,MIA,C,64.0,36.0,1422.0,17.4,-0.1,0.7,4.1,0.14,0.603,0.30033133957354,0.5,0.0266007824357697,False,0.0,
142,Dillon Brooks,HOU,SF,107.0,106.0,4600.5,13.164166938376264,-1.5923703945223344,0.20762960547766549,5.1,0.09530518421910662,0.5357629605477666,0.2981009560809229,0.5,0.023497923823965445,True,32.0,78.0
143,Sandro Mamukelashvili,SAS,PF,102.0,3.0,1698.5,16.70471003826906,0.7424492198999116,0.40047100382690615,2.2,0.14181601413011483,0.6220094200765381,0.29747502921222513,0.5,0.022627148649504457,True,41.0,
144,Bobby Portis,MIL,PF,121.0,66.0,6314.0,17.7,0.19999999999999998,1.0211910041178334,2.7,0.1260744377573646,0.5652863477985429,0.529212055452322,0.32586577181208054,0.018943335438064035,True,72.0,
145,Scotty Pippen Jr.,MEM,PG,79.0,21.0,1683.0,15.8,1.9,1.7,4.7,0.133,0.582,0.2931430264794147,0.5,0.016600565315134402,False,0.0,
146,Michael Porter Jr.,DEN,SF,86.0,86.0,3255.5,14.42953463369682,-0.7919060052219322,0.9354477038857318,6.4,0.08747473506373829,0.5760961449854093,0.5304813699504765,0.3233959731543624,0.016084411682756927,True,9.0,72.0
147,Bogdan Bogdanović,2TM,SG,117.0,31.0,5968.0,14.428753351206435,0.5546246648793566,1.1611930294906165,1.9,0.08912734584450403,0.5613223860589812,0.2902492361658674,0.5,0.012574790274712958,True,63.0,
148,Donovan Clingan,POR,C,67.0,37.0,1324.0,17.4,-0.3,0.6,4.0,0.144,0.574,0.28719830313668476,0.5,0.008330401874703183,False,0.0,
149,Jalen Green,HOU,SG,149.0,149.0,8042.0,13.371947276796817,-1.7597612534195475,0.23780154190499872,5.1,0.04082305396667495,0.5459939069883113,0.28718342323117513,0.5,0.008309701289756138,True,67.0,
150,Justin Champagnie,WAS,SF,98.0,31.0,2042.5,14.977723378212975,-1.0159118727050183,0.32802937576499386,2.8,0.11306976744186047,0.5992105263157894,0.2858381272395478,0.5,0.006438156209341076,True,36.0,
151,Coby White,CHI,SG,135.0,90.0,6637.5,13.670433145009417,-1.6570621468926554,0.2583804143126177,4.5,0.07475141242937854,0.5776572504708097,0.2857616655981333,0.5,0.006331784518857796,True,61.0,74.0
152,Terry Taylor,SAC,PF,36.0,7.0,1791.0,18.969179229480737,-0.5869346733668342,0.19932998324958123,0.0,0.15962814070351758,0.6538023450586264,0.28552819306128463,0.5,0.006006982854041537,True,33.0,
153,Nick Richards,2TM,C,107.0,48.0,2173.5,16.304508856682773,-3.08893489763055,-0.27336093857832994,3.0,0.1186434322521279,0.6572171612606394,0.28517690012905506,0.5,0.005518272144137793,True,50.0,
154,Obi Toppin,IND,PF,151.0,14.0,4620.0,17.999025974025972,1.8996753246753246,1.266883116883117,4.3,0.14698051948051946,0.6233636363636363,0.5219537176758464,0.32233557046979866,0.0022353036126313564,True,72.0,
155,Jerami Grant,POR,PF,94.0,94.0,5274.0,14.597383390216155,0.39089874857792944,0.8821387940841865,1.8,0.0697986348122867,0.5464641638225256,0.28226264567646814,0.5,0.0014640278605290654,True,47.0,
156,Isaiah Stewart,DET,C,143.0,75.0,5974.0,14.144024104452628,-2.3638433210579177,-0.23993973886842984,4.3,0.10372212922664881,0.5658426514897891,0.2813590686507502,0.5,0.00020699212431694733,True,71.0,
157,Naz Reid,MIN,C,157.0,23.0,5237.5,16.611933174224344,0.6720763723150358,1.1880668257756564,5.7,0.125,0.583379474940334,0.5195186648157075,0.322013422818792,-0.001755516584718786,True,77.0,76.0
158,Matisse Thybulle,POR,SG,81.0,55.0,4524.5,11.599955796220577,1.368935794010388,1.2517294728699304,0.9,0.10968935794010388,0.5938620842081999,0.2790304776317911,0.5,-0.003032490556784317,True,66.0,
159,Kenrich Williams,OKC,PF,118.0,7.0,3812.0,13.41878279118573,-0.032738719832109145,0.5593913955928647,3.6,0.10178698845750263,0.5483326337880376,0.2758669908644213,0.5,-0.0074334611485924644,True,49.0,
160,Pat Connaughton,MIL,SG,106.0,20.0,4830.5,13.23771866266432,0.7630887071731706,1.2252354828692682,1.2,0.12100538246558326,0.6133839147086223,0.27547528879690164,0.5,-0.007978388125270694,True,65.0,
161,Kai Jones,2TM,C,61.0,6.0,625.5,17.43021582733813,0.5079136690647482,0.4237410071942446,2.1,0.16387769784172662,0.75968345323741,0.2725903436933404,0.5,-0.011991857911430115,True,21.0,
162,Paul George,PHI,PF,72.0,72.0,4026.5,17.24164907487893,2.341649074878927,1.2355643859431267,1.0,0.0500425928225506,0.5396565255184403,0.5121317884652024,0.3189798657718121,-0.01771238839893463,True,31.0,
163,Charles Bassey,SAS,C,59.0,1.0,796.0,20.319095477386934,0.3773869346733668,0.15276381909547737,1.1,0.180321608040201,0.6302412060301508,0.2657125777238557,0.5,-0.021560048959754618,True,23.0,
164,Mason Plumlee,PHO,C,147.0,94.0,5782.5,14.722481625594465,-0.13488975356679636,0.8100734976221358,3.7,0.12902334630350196,0.6124422827496757,0.5114398329158607,0.3155704697986577,-0.025059207794617733,True,73.0,
165,Amir Coffey,LAC,SG,141.0,43.0,5665.5,12.444638602065131,-0.7319477539493425,0.5148795340217104,4.0,0.11445732945018092,0.602936545759421,0.2593644733743628,0.5,-0.030391386850595736,True,69.0,
166,Jock Landale,HOU,C,96.0,4.0,1972.5,16.0,-0.19721166032953105,0.22534854245880862,1.7,0.13063244613434727,0.5952256020278834,0.25673128848277443,0.5,-0.03405461357567821,True,54.0,
167,Marcus Smart,2TM,PG,105.0,78.0,6420.0,13.472897196261682,0.2881619937694704,1.3517133956386294,0.7,0.10911526479750779,0.5388348909657322,0.2564148391299564,0.5,-0.03449485069312532,True,71.0,
168,Terance Mann,2TM,SG,148.0,46.0,7206.5,13.125303545410393,-0.7373482272948033,0.6822729480330257,3.0,0.11064545896066053,0.5743545410393395,0.25624846261388246,0.5,-0.03472630990514461,True,81.0,
169,Richaun Holmes,WAS,PF,76.0,44.0,3219.0,18.131780055917986,-0.2345759552656104,0.39999999999999997,2.0,0.15047437092264676,0.6899953401677539,0.5035048080083696,0.31620134228187924,-0.03491690747606446,True,45.0,
170,Delon Wright,2TM,PG,117.0,15.0,4265.0,13.11512309495897,1.6640093786635406,1.3766705744431418,0.7,0.11087573270808909,0.5557514654161781,0.25569053970225164,0.5,-0.03550247952656036,True,77.0,
171,Klay Thompson,DAL,SF,104.0,104.0,4317.5,14.970526925303995,0.14423856398378693,0.6089751013317892,1.8,0.07006427330631153,0.5492756224667054,0.2548211933193846,0.5,-0.036711894373670256,True,32.0,
172,Aaron Wiggins,OKC,SG,126.0,61.0,4766.5,12.42214413091367,-2.3242106367355504,0.06836253015839713,5.4,0.08458869191230463,0.5706354767649219,0.2540077955378874,0.5,-0.037843474803446284,True,50.0,
173,Larry Nance Jr.,ATL,PF,70.0,14.0,3063.0,14.641854391119818,0.1872020894547829,0.48488410055501147,1.3,0.10808129285014692,0.5963486777668952,0.2525340353210763,0.5,-0.039893736382050834,True,46.0,
174,Monte Morris,PHO,PG,120.0,74.0,6168.5,14.551892680554431,-0.1666207343762665,0.9981762178811706,0.8,0.11118651211801897,0.5795750182378212,0.24960751023112987,0.5,-0.043965051296306436,True,75.0,
175,Jose Alvarado,NOP,PG,110.0,24.0,3451.0,15.212518110692553,0.5937699217618083,0.5625036221385106,1.2,0.09012547087800636,0.5211874818893074,0.2428213249136305,0.5,-0.053405837431696475,True,54.0,
176,Brandin Podziemski,GSW,SG,64.0,33.0,1716.0,14.4,0.7,1.2,4.2,0.117,0.557,0.24079107554770468,0.5,-0.05623027401402664,False,0.0,
177,Donte DiVincenzo,MIN,SG,104.0,11.0,4121.0,12.391191458383886,-0.663212812424169,0.5625090997330746,3.9,0.06617689881096822,0.5380592089298715,0.2389981582001506,0.5,-0.058724539708929,True,42.0,
178,Zach Edey,MEM,C,66.0,55.0,1416.0,18.2,-0.1,0.7,4.9,0.165,0.624,0.4948364879819019,0.3097181208053692,-0.05911608489314024,False,0.0,
179,Bruce Brown,2TM,PG,113.0,57.0,5357.0,14.294343849169312,-0.07450065335075601,0.9246219899197312,0.7,0.11364943065148404,0.5627801008026881,0.23173244899605677,0.5,-0.06883242853137295,True,72.0,
180,Bruno Fernando,TOR,C,47.0,2.0,527.0,19.55426944971537,-0.2673624288425047,0.1,0.3,0.12465844402277042,0.6378064516129033,0.23131424992527885,0.5,-0.06941421753425386,True,30.0,
181,Isaiah Joe,OKC,SG,129.0,17.0,3126.5,10.93211258595874,-1.5731009115624497,0.5234607388453542,5.1,0.095537981768751,0.5692773068926915,0.23129630881329483,0.5,-0.06943917679978343,True,55.0,
182,Moses Brown,2TM,C,53.0,8.0,981.5,18.972847682119205,-2.887773815588385,-0.07575140091696382,0.4,0.15830259806418745,0.6233968415690271,0.22945575786039626,0.5,-0.07199970927931887,True,40.0,
183,Jonathan Kuminga,GSW,PF,117.0,22.0,4106.5,15.339291367344455,-1.2492755387799828,0.18357482040667236,1.9,0.11102094240837695,0.581892122245221,0.2283202535910038,0.5,-0.07357939690375098,True,70.0,
184,Cameron Payne,NYK,PG,130.0,17.0,4285.0,13.8,-0.05087514585764294,0.6491248541423571,2.3,0.07961376896149358,0.5081400233372229,0.22667986090190878,0.5,-0.07586147377481263,True,58.0,
185,Javonte Green,2TM,SG,133.0,64.0,5055.5,13.178834932252004,-0.4972109583621797,0.5760458906141825,1.6,0.12008831965186433,0.6131115616655128,0.22143699344987858,0.5,-0.08315523131827056,True,65.0,
186,RJ Barrett,TOR,SF,128.0,128.0,7911.5,14.361467484042217,-1.080275548252544,0.4362383871579346,2.4,0.04954357580736902,0.5195045819376857,0.21821867760713104,0.5,-0.08763247886840277,True,70.0,80.0
187,Jaylen Nowell,NOP,SG,70.0,1.0,2605.5,16.20034542314335,0.3808865860679332,0.6419689119170985,-0.2,0.12465284974093264,0.5712636729994243,0.216517006620384,0.5,-0.08999980470862852,True,62.0,
188,Kentavious Caldwell-Pope,ORL,SG,154.0,154.0,8101.5,11.840473986298834,-1.471869406899957,0.3,4.6,0.06868962537801641,0.5696878355860026,0.21429633061274683,0.5,-0.09308915848887861,True,77.0,
189,Naji Marshall,DAL,SF,124.0,35.0,3756.5,13.73037401836816,-1.973965127113004,0.20867829096233192,3.5,0.06890137095700785,0.5453569812325303,0.20402754402551632,0.5,-0.10737486002874289,True,55.0,
190,Tony Bradley,IND,C,69.0,7.0,1485.5,15.531369909121507,-1.5717940087512623,0.007606866374957927,0.4,0.11770514978121845,0.6030427465499832,0.20161717052522846,0.5,-0.11072811663138081,True,55.0,
191,Devin Vassell,SAS,SG,135.0,85.0,6825.5,13.561475349791225,-0.6743168998608161,0.612841550069592,2.2,0.07386521133982858,0.5437768661636511,0.20130317889685417,0.5,-0.1111649346186734,True,71.0,96.0
192,Bismack Biyombo,SAS,C,64.0,29.0,1793.0,15.798159509202453,-1.9773006134969326,0.011656441717791406,0.8,0.14084662576687118,0.5901104294478527,0.2012913443029932,0.5,-0.1111813986355567,True,36.0,
193,Malcolm Brogdon,WAS,PG,60.0,49.0,3579.0,17.65331098072087,1.7011735121542328,1.110896898575021,0.7,0.09890863369656328,0.5549513830678962,0.47120635623115714,0.2993154362416107,-0.11146909447625997,True,36.0,
194,Neemias Queta,BOS,C,77.0,6.0,1163.0,15.371367153912297,-1.8349957007738606,0.19681857265692174,3.2,0.14598194325021496,0.6278263112639725,0.2000782963585704,0.5,-0.1128689632509436,True,15.0,
195,Kyle Lowry,PHI,PG,98.0,75.0,5991.5,14.428056413252106,1.6370358007176833,1.8800216974046566,1.0,0.13497079195526995,0.5917508136526746,0.4692032568560475,0.2990872483221477,-0.11468304869237805,True,63.0,
196,Seth Curry,CHO,SG,132.0,78.0,6399.5,13.451074302679896,-0.7825455113680756,0.6838346745839519,1.8,0.09251074302679897,0.6151659504648801,0.19501887682641908,0.5,-0.11990751223502244,True,64.0,
197,Kelly Oubre Jr.,PHI,SF,136.0,70.0,7075.5,14.488834711327822,-1.6643205427178291,0.18252420323652038,2.6,0.07371358914564342,0.5573567945728217,0.1928626168609849,0.5,-0.12290725188750054,True,76.0,
198,Kris Dunn,LAC,PG,88.0,61.0,2623.0,11.684292794510103,-1.3214639725505146,0.7196340068623713,4.0,0.0810995043842928,0.5153080442241708,0.18764351656526723,0.5,-0.1301679451055245,True,14.0,
199,Bones Hyland,2TM,PG,93.0,4.0,3514.0,14.508821855435402,-0.18915765509391005,0.4863972680705749,0.5,0.08847609561752988,0.5592242458736484,0.18657282242905507,0.5,-0.1316574703518112,True,69.0,
200,Jaylin Williams,OKC,PF,47.0,9.0,784.0,16.4,4.3,1.2,3.3,0.199,0.594,0.18305971949387395,0.5,-0.13654481897713247,False,0.0,
201,Caleb Martin,2TM,SF,105.0,36.0,4648.0,13.437349397590362,-0.02680722891566263,0.7069277108433736,0.6,0.10912650602409639,0.5853192771084338,0.18273198402339066,0.5,-0.13700075708389703,True,60.0,
202,Dean Wade,CLE,PF,110.0,58.0,3702.0,10.1,-0.2956239870340357,0.5014586709886548,3.0,0.11167639113992436,0.5768978930307942,0.17686656035015114,0.5,-0.1451606006339569,True,51.0,
203,Jordan McLaughlin,2TM,PG,108.0,3.0,2569.0,13.265550797975864,0.15554690541066563,0.5266640716231997,0.6,0.11994433631763332,0.5429447255741535,0.17479948388068542,0.5,-0.14803627024224192,True,62.0,
204,Nicolas Batum,LAC,PF,137.0,62.0,5022.0,12.6289526085225,1.8916965352449224,1.436678614097969,3.5,0.12327220230983671,0.614805057745918,0.4521878658864697,0.29336912751677857,-0.14906180890147405,True,59.0,
205,Luka Garza,MIN,C,71.0,5.0,1191.5,16.188166177087705,-2.4632396139320183,-0.08161980696600923,0.7,0.10237389844733528,0.5419844733529164,0.17314207499813838,0.5,-0.15034201965328045,True,32.0,
206,Cole Anthony,ORL,PG,132.0,87.0,6381.5,13.635360025072476,-0.9486170962939748,0.45801143931677507,2.0,0.045734858575570005,0.521320457572671,0.17193764350867183,0.5,-0.15201759725318204,True,65.0,
207,Bol Bol,PHO,PF,50.0,10.0,650.5,16.874634896233665,0.23966179861644893,0.20661029976940815,0.9,0.08703843197540355,0.6076994619523444,0.16838214797513965,0.5,-0.1569639214938205,True,14.0,
208,Kevin Porter Jr.,2TM,SG,136.0,65.0,6249.5,13.95056404512361,-1.3628610288823106,0.2711416913353068,2.2,0.033094087527002165,0.531,0.1666514771333109,0.5,-0.15937159127058415,True,61.0,
209,Buddy Hield,GSW,SG,163.0,54.0,8110.5,12.762178657296097,-1.1540595524320325,0.5,2.8,0.04449898280007398,0.550756426854078,0.16616690807092782,0.5,-0.1600457126910512,True,81.0,
210,Cody Martin,2TM,SF,124.0,19.0,5838.0,12.418705035971222,-0.7411099691675231,0.5794450154162385,1.3,0.09155652620760535,0.5649352517985611,0.16611643864301742,0.5,-0.16011592460731713,True,71.0,
211,Mo Bamba,2TM,C,103.0,71.0,4973.0,16.284073999597826,0.5671224612909713,1.1086466921375429,1.0,0.11791695153830685,0.5799237884576713,0.44953830764615793,0.2892885906040268,-0.16038873013438767,True,71.0,
212,Russell Westbrook,DEN,PG,153.0,114.0,8787.0,14.833344713781724,-1.480960509844088,0.2714236940935473,1.9,0.03357118470467736,0.5167615796062365,0.1654948769421747,0.5,-0.1609806270598826,True,78.0,
213,Jordan Clarkson,UTA,SG,116.0,10.0,6314.5,14.8390608915987,-0.7371129939029218,0.608591337398052,0.4,0.07016382928181171,0.533218782168026,0.1626944722797781,0.5,-0.1648764861137255,True,79.0,
214,Guerschon Yabusele,PHI,C,70.0,43.0,1895.0,14.7,-1.0,0.5,3.9,0.099,0.616,0.16098439104130186,0.5,-0.16725551210421322,False,0.0,
215,Moses Moody,GSW,SG,126.0,45.0,3166.5,11.489452076425076,-1.666777198799937,0.21245855045002368,3.5,0.10152076425075005,0.5756038212537502,0.16044042270192183,0.5,-0.1680122684431931,True,52.0,
216,Taurean Prince,MIL,SF,149.0,81.0,5108.5,11.29760203582265,-1.2391993735930311,0.2152001566017422,3.5,0.08448801017911324,0.5991759812077909,0.15980288214002966,0.5,-0.1688992003225716,True,69.0,
217,Moritz Wagner,ORL,C,93.0,4.0,2964.0,18.89919028340081,2.0566801619433197,0.9,2.0,0.1448502024291498,0.6279473684210527,0.44090709651370563,0.29087248322147646,-0.16943039209864777,True,63.0,
218,Jared Butler,2TM,SG,102.0,18.0,1944.0,13.979629629629631,-1.2777777777777777,0.1611111111111111,1.4,0.060222222222222226,0.5304814814814816,0.1537110585322079,0.5,-0.17737400629458974,True,42.0,
219,D'Angelo Russell,2TM,PG,123.0,101.0,6672.5,15.789846384413638,0.5338328962158112,1.222555264143874,1.9,0.09257137504683402,0.5391202697639565,0.43650924486279175,0.288268456375839,-0.18042469399136024,True,65.0,
220,Kevin Knox,GSW,SF,44.0,0.0,639.0,11.715023474178404,-3.731924882629108,-0.08685446009389672,0.2,0.056727699530516436,0.5029624413145539,0.15047220658385024,0.5,-0.18187982320615964,True,30.0,
221,Grant Williams,CHO,PF,93.0,28.0,5166.5,11.227813800445176,-0.5112552017807026,0.7351011322945902,0.7,0.12452995257911546,0.6313842059421272,0.14720869907004072,0.5,-0.18641994037768234,True,77.0,
222,Markelle Fultz,SAC,PG,39.0,3.0,1084.0,16.206273062730627,-0.6317343173431735,0.14907749077490776,-0.1,0.03959040590405904,0.5059667896678968,0.14650129552837057,0.5,-0.18740406404007393,True,18.0,
223,Jae Crowder,SAC,PF,76.0,69.0,4818.0,11.199522623495227,0.9845579078455792,1.4657949356579494,0.1,0.10820423412204233,0.5394180157741801,0.1447993165082397,0.5,-0.18977181840931315,True,67.0,
224,Anthony Gill,WAS,PF,95.0,0.0,1554.5,13.550755870054681,-2.564007719523963,-0.076616275329688,0.5,0.11905821807655197,0.6574827918944999,0.14374412223857172,0.5,-0.19123978059501062,True,44.0,
225,Ausar Thompson,DET,SF,59.0,48.0,1328.0,17.2,1.7,1.2,3.8,0.138,0.568,0.43270357018150424,0.2846308724832215,-0.1925305364616546,False,0.0,70.0
226,Zeke Nnaji,DEN,PF,98.0,5.0,2353.0,13.112409689757756,-1.9674458138546538,0.025839354016149597,1.2,0.1162817679558011,0.6147883552911177,0.1419453355421728,0.5,-0.1937422115940722,True,41.0,
227,Santi Aldama,MEM,PF,97.0,16.0,2560.0,14.4796875,0.07109375,1.3210937500000002,5.0,0.10884374999999999,0.5401874999999999,0.42954131368083476,0.28514093959731546,-0.19597468099966092,True,32.0,
228,Dennis Schröder,3TM,PG,139.0,78.0,6697.5,12.905711086226203,-1.9942889137737962,-0.031429637924598734,3.2,0.07505711086226202,0.5364856289660321,0.1377268982627453,0.5,-0.19961080526155356,True,64.0,
229,Marvin Bagley III,2TM,PF,79.0,27.0,3130.0,15.928594249201279,-2.2068690095846644,-0.08306709265175719,0.6,0.08694728434504792,0.5517619808306711,0.13455070581423517,0.5,-0.20402945170698755,True,48.0,
230,KJ Martin,2TM,PF,122.0,18.0,5052.0,13.559857482185272,-1.6332541567695964,0.25558194774346793,1.3,0.08111163895486938,0.60570783847981,0.13346065359288428,0.5,-0.20554590747951762,True,79.0,
231,Xavier Tillman Sr.,BOS,C,86.0,4.0,1983.5,13.620947819510967,-0.32485505419712624,0.3951852785480212,-0.3,0.10026997731283084,0.48670783967733805,0.13044920715345082,0.5,-0.20973536303705456,True,53.0,
232,Trendon Watford,BRK,PF,92.0,16.0,3085.5,14.971479500891265,-2.114260249554367,-0.018360071301247765,0.7,0.08447058823529412,0.580235294117647,0.12987212719506913,0.5,-0.21053818350469672,True,48.0,
233,Josh Richardson,MIA,SG,73.0,7.0,4150.0,12.496385542168674,-0.14578313253012049,0.8602409638554217,-0.1,0.10140963855421688,0.5668192771084338,0.12984011040394614,0.5,-0.21058272453380095,True,65.0,
234,Jericho Sims,2TM,C,94.0,10.0,2019.5,11.099282000495172,-2.106833374597673,-0.0625897499381035,1.3,0.11798564000990344,0.663046793760832,0.12958583466788914,0.5,-0.21093646713457295,True,41.0,
235,De'Andre Hunter,2TM,SF,117.0,61.0,5682.5,12.222877254729433,-2.5833260008798944,-0.24883413990321163,4.4,0.060945886493620774,0.5702714474263089,0.12629256449498957,0.5,-0.21551798943816083,True,53.0,88.0
236,Nickeil Alexander-Walker,MIN,SG,147.0,31.0,5738.0,10.897403276402928,-1.9968107354478914,0.09740327640292787,4.3,0.03768246775880098,0.5125726734053677,0.12581449740282175,0.5,-0.2161830654660562,True,65.0,
237,Tim Hardaway Jr.,DET,SG,119.0,97.0,5265.5,11.514224670021841,-0.9768872851581046,0.35466717310796697,3.5,0.077,0.5392177381065426,0.12375738161580084,0.5,-0.21904487800025252,True,42.0,
238,Anfernee Simons,POR,SG,127.0,100.0,6494.5,15.158834398337055,-0.4882515975055816,0.7117484024944185,4.2,0.06629324813303564,0.5738242358919086,0.4201239941103709,0.2796510067114094,-0.21935588960458807,True,57.0,
239,Jae'Sean Tate,HOU,SF,130.0,79.0,5728.0,14.094692737430167,-1.6870810055865924,0.11026536312849163,1.6,0.0773645251396648,0.5659734636871508,0.12315667417861954,0.5,-0.21988056847716053,True,78.0,
240,Duncan Robinson,MIA,SF,153.0,105.0,6892.5,10.910772578890098,-0.8848748639825897,0.544613710554951,2.7,0.08656147986942328,0.5786974972796517,0.12299784778943969,0.5,-0.2201015241249582,True,79.0,
241,Aaron Holiday,HOU,PG,125.0,18.0,3344.5,12.505277320974734,-1.3447899536552548,0.1473613395126327,2.0,0.08078756166841083,0.5558403348781582,0.12202253996468634,0.5,-0.22145835011170587,True,63.0,
242,Deni Avdija,POR,SF,154.0,62.0,7121.0,13.451158545148154,-0.546819266956888,0.7372840893132988,5.6,0.0780289285212751,0.5569393343631512,0.4210770298168277,0.2773288590604027,-0.22237833267335919,True,82.0,40.0
243,Ty Jerome,CLE,SG,118.0,7.0,3394.5,15.277728678745028,0.4064958020326998,0.8431727794962439,5.9,0.10253292090145823,0.5515616438356165,0.41971000122868146,0.2768590604026846,-0.2251598224018366,True,48.0,
244,Chuma Okeke,2TM,PF,79.0,23.0,4568.5,12.141578198533436,-0.10429024844040713,0.76996826091715,0.6,0.06364671117434606,0.50700634781657,0.11902836391815988,0.5,-0.22562377949278564,True,70.0,
245,Jay Huff,MEM,C,68.0,2.0,798.0,17.097243107769422,2.817042606516291,1.031077694235589,2.5,0.1445187969924812,0.6242706766917293,0.11773919239793484,0.5,-0.2274172454894916,True,4.0,
246,Jabari Smith Jr.,HOU,PF,57.0,39.0,1716.0,12.6,-0.7,0.6,4.2,0.117,0.562,0.11441307990477127,0.5,-0.23204445727948397,False,0.0,
247,Miles McBride,NYK,SG,104.0,12.0,2523.0,10.204042806183114,-1.6587395957193818,0.43139120095124855,3.2,0.0736718192627824,0.4801319857312723,0.11428502887558929,0.5,-0.23222259894882602,True,40.0,
248,JT Thor,2TM,PF,53.0,0.0,904.0,9.782632743362832,-3.661061946902655,-0.12754424778761064,0.2,0.051113938053097344,0.5227964601769911,0.11407817578846288,0.5,-0.23251036824271337,True,33.0,
249,Georges Niang,2TM,PF,155.0,10.0,6037.0,10.840549942024182,-2.0124399536193476,-0.028109988404836844,2.9,0.07812439953619348,0.5976542984926287,0.11341693326229473,0.5,-0.23343027375385242,True,76.0,
250,Josh Okogie,2TM,SG,89.0,13.0,1915.0,11.382506527415144,-1.3292428198433424,0.12845953002610966,1.3,0.07440208877284596,0.5393812010443864,0.10911743386014637,0.5,-0.23941163919641556,True,49.0,
251,P.J. Tucker,NYK,SF,74.0,71.0,5010.5,11.232860991916974,0.5097096098193793,1.2837940325316834,0.1,0.1204096397565113,0.5935787845524398,0.10898446914479454,0.5,-0.23959661667381407,True,71.0,
252,Lauri Markkanen,UTA,PF,108.0,108.0,6171.0,14.915264948954789,0.23257170636849783,1.0043266893534273,2.2,0.1133665532328634,0.5793689839572191,0.4081898801148141,0.27634899328859064,-0.24214146651131133,True,61.0,26.0
253,Jarred Vanderbilt,LAL,PF,110.0,69.0,5281.0,15.068964211323612,0.06797954932777883,1.000984661995834,1.4,0.1487093353531528,0.6037487218329861,0.40809380771695214,0.2746308724832215,-0.24549234814544624,True,74.0,
254,Malachi Flynn,CHO,PG,48.0,5.0,1386.5,11.722214208438514,-1.5412549585286692,0.09682654165164083,0.0,0.09044500540930399,0.48876163000360623,0.10448586006901864,0.5,-0.2458549789501297,True,44.0,
255,Daishen Nix,MIN,PG,27.0,0.0,665.5,7.805033809166041,-6.591435011269723,-0.2941397445529677,-0.1,-0.03874305033809167,0.47581968444778366,0.10271700678412836,0.5,-0.24831576727025834,True,24.0,
256,Chris Boucher,TOR,PF,130.0,9.0,5087.0,18.035561234519363,0.47279339492824846,0.9,2.7,0.16544151759386674,0.5776253194417142,0.40843995202611116,0.27283221476510067,-0.24837883554743717,True,80.0,
257,Jalen Johnson,ATL,SF,58.0,36.0,1584.0,16.163636363636364,0.5310606060606062,0.9537878787878787,2.4,0.0746060606060606,0.5729772727272726,0.40590873969423014,0.27425503355704695,-0.2492359335143723,True,22.0,23.0
258,Precious Achiuwa,NYK,C,130.0,38.0,5482.5,12.892065663474693,-2.4506155950752393,-0.1573187414500684,2.3,0.07533515731874146,0.5087619699042407,0.1019226257435482,0.5,-0.24942089204408185,True,73.0,
259,Vlatko Čančar,DEN,PF,28.0,1.0,576.0,10.787500000000001,-2.9749999999999996,-0.04722222222222223,-0.1,0.07905555555555556,0.6109583333333334,0.09973931419319296,0.5,-0.25245826524411497,True,15.0,
260,Jalen Smith,CHI,C,115.0,10.0,3274.5,18.48813559322034,-0.0887005649717514,0.4175141242937853,2.9,0.14529378531073447,0.5923559322033898,0.40592873796247286,0.27131543624161075,-0.2547125882518816,True,51.0,
261,PJ Dozier,MIN,SG,27.0,0.0,885.0,8.731638418079095,-1.8932203389830509,0.0,0.1,0.04072881355932203,0.4692485875706215,0.09636129128373913,0.5,-0.2571576936205203,True,18.0,
262,Collin Sexton,UTA,SG,74.0,72.0,2548.0,14.925745682888541,-1.685164835164835,0.3519623233908948,2.4,0.04274646781789639,0.5712967032967033,0.09454976884144888,0.5,-0.2596778422986032,True,11.0,
263,Terence Davis,SAC,SG,31.0,11.0,1348.0,14.489614243323443,-0.9949554896142434,0.19881305637982197,0.0,0.0426053412462908,0.5397774480712166,0.09012280565781094,0.5,-0.26583653244492117,True,30.0,
264,Trevelin Queen,ORL,SG,41.0,2.0,615.0,13.795121951219512,0.3617886178861789,0.16991869918699187,0.7,0.07580487804878049,0.5260081300813009,0.08738417690492141,0.5,-0.26964645026334405,True,10.0,
265,Terry Rozier,MIA,PG,137.0,96.0,7803.0,16.091375112136358,0.5525951557093425,1.662552864282968,1.0,0.09672651544277842,0.5513387158785082,0.39477407354517136,0.27093959731543626,-0.27093447141553906,True,73.0,
266,Bradley Beal,PHO,SG,93.0,78.0,5299.5,16.761326540239644,0.1897914897631852,0.8073025757146901,2.4,0.053065572223794696,0.5579485800547221,0.3945768349856989,0.2700268456375839,-0.27291801752349687,True,40.0,
267,Jonathan Isaac,ORL,PF,71.0,1.0,1090.0,16.6,0.7,0.7,3.4,0.148,0.512,0.08231002797483272,0.5,-0.2767054904496703,False,0.0,
268,Tristan Thompson,CLE,C,97.0,6.0,2570.5,14.159910523244505,-3.2914024508850415,-0.2872398366076639,0.4,0.08317195098229917,0.5242841859560398,0.081433011118269,0.5,-0.2779255762847269,True,57.0,
269,Jeremy Sochan,SAS,PF,54.0,23.0,1364.0,15.9,-1.2,0.3,2.7,0.096,0.589,0.08131262988032925,0.5,-0.27809304791553724,False,0.0,
270,Dorian Finney-Smith,2TM,PF,143.0,120.0,8428.0,11.982297104888467,0.41172282866635024,1.5980066445182723,2.9,0.11172448979591836,0.604,0.39156198460328684,0.26828187919463087,-0.28037970566171355,True,80.0,
271,Alex Len,2TM,C,85.0,17.0,1930.0,12.607772020725388,-2.8409326424870467,-0.1,0.7,0.07255958549222799,0.566761658031088,0.07869106260654134,0.5,-0.2817401124758798,True,39.0,
272,Collin Gillespie,PHO,PG,33.0,9.0,461.0,16.8,2.5,0.5,1.3,0.131,0.578,0.07769245469154042,0.5,-0.2831293530164116,False,0.0,
273,Braxton Key,GSW,SF,14.0,0.0,503.5,13.42472691161867,-3.5250248262164843,-0.09781529294935452,-0.1,0.04520556107249255,0.5018391261171797,0.07723586390273582,0.5,-0.28376455170121284,True,11.0,
274,Tari Eason,HOU,PF,57.0,16.0,1420.0,18.5,3.6,2.0,5.0,0.169,0.567,0.38940039250895947,0.2671409395973154,-0.2855233036571076,False,0.0,75.0
275,Max Strus,CLE,SF,118.0,53.0,5240.5,12.67570842476863,0.9971663009254842,1.175708424768629,3.4,0.11485831504627421,0.612299589733804,0.3908184642523592,0.265006711409396,-0.287546914902298,True,68.0,
276,Daniel Theis,NOP,C,85.0,36.0,3063.5,12.9770197486535,-2.3432511832870895,-0.04054186388118165,1.0,0.08975665088950546,0.5874997551819814,0.07369380850101781,0.5,-0.28869217833721,True,47.0,
277,T.J. McConnell,IND,PG,106.0,9.0,3045.0,16.633497536945814,1.0394088669950738,0.825287356321839,3.2,0.10311165845648605,0.5352233169129721,0.3880046964062187,0.2663758389261745,-0.2888976360241118,True,27.0,
278,Ayo Dosunmu,CHI,SG,123.0,66.0,6669.0,11.53444294496926,-1.9163892637576847,0.020902684060578797,2.5,0.0727624831309042,0.5937007047533364,0.07295978089201449,0.5,-0.28971334079444533,True,77.0,
279,Day'Ron Sharpe,BRK,C,82.0,10.0,1884.5,20.21870522685062,-1.019209339347307,0.28503581851950116,2.7,0.14670575749535686,0.5809676306712656,0.38669249953195706,0.26465771812080535,-0.29394036227470555,True,32.0,
280,Jalen McDaniels,WAS,SF,59.0,2.0,2244.5,12.694386277567387,-2.2753619959901985,-0.0996881265315215,0.0,0.09306549342838048,,0.06841719350328287,0.5,-0.29603288469604605,True,55.0,
281,Taj Gibson,CHO,C,89.0,15.0,2774.0,11.823071377072818,-2.4865537130497475,-0.04423215573179524,0.4,0.12143547224224947,0.5925829127613554,0.06655090445541112,0.5,-0.2986292234258982,True,52.0,
282,Sam Merrill,CLE,SG,77.0,4.0,1546.0,10.76235446313066,-0.2533635187580854,0.7155886157826649,3.3,0.10512160413971541,0.5738085381630013,0.06474753850771421,0.5,-0.30113802497485526,True,6.0,
283,Moussa Diabaté,CHO,C,71.0,8.0,1241.0,16.5,-1.9,0.0,3.2,0.125,0.609,0.062108278750232504,0.5,-0.30480970291472437,False,0.0,
284,Lindy Waters III,2TM,SG,77.0,10.0,1940.5,11.316104096882247,-2.0811131151765005,-0.020278278794125238,1.0,0.07338237567637207,0.5387461994331358,0.06190963009780159,0.5,-0.30508605838630976,True,25.0,
285,Shake Milton,2TM,SG,112.0,8.0,3784.5,11.9,-2.2,-0.07788347205707491,1.3,0.07076932223543402,0.5271736028537456,0.05985840825847108,0.5,-0.3079396713949944,True,55.0,
286,Kyle Filipowski,UTA,C,72.0,27.0,1522.0,14.9,-1.0,0.4,2.5,0.078,0.594,0.05886379353411147,0.5,-0.3093233566998409,False,0.0,
287,Jeff Dowtin Jr.,PHI,PG,50.0,3.0,891.0,13.281818181818183,-1.5575757575757576,0.17878787878787877,1.3,0.06875757575757575,0.5042424242424242,0.0545741475823363,0.5,-0.3152910142471261,True,9.0,
288,Marcus Garrett,CHO,SG,16.0,0.0,399.0,5.491979949874687,-5.835588972431078,-0.09999999999999999,0.0,0.025268170426065165,0.32098496240601504,0.05448008007075465,0.5,-0.3154218788223743,True,12.0,
289,Kevin Huerter,2TM,SG,143.0,91.0,7149.0,11.759085186739403,-1.3878864176807946,0.3060567911596027,1.9,0.060121135823192055,0.5638936914253742,0.05426224374666508,0.5,-0.315724927744859,True,74.0,
290,Isaac Okoro,CLE,SG,122.0,83.0,6005.5,10.452601781700109,-1.4895928731995671,0.15260178170010824,2.5,0.10510407126800432,0.5886493214553326,0.05346559154572281,0.5,-0.31683321210514453,True,67.0,
291,Luke Kennard,MEM,SG,135.0,24.0,6269.5,13.370436238934523,0.6408724778690486,1.2,3.9,0.11628702448361114,0.6218174495573809,0.37314842459586717,0.2613557046979866,-0.3189656800984224,True,70.0,
292,Herbert Jones,NOP,SF,98.0,89.0,6485.5,12.11016112867165,-0.8097371058515149,0.780101765476833,0.4,0.08970534268753373,0.5698027137460489,0.05179203423526341,0.5,-0.31916142684054577,True,78.0,
293,Markieff Morris,2TM,PF,32.0,3.0,910.0,10.011538461538462,-2.9335164835164833,-0.03626373626373627,-0.2,0.036230769230769226,0.5176263736263736,0.051422399522695464,0.5,-0.3196756542166494,True,17.0,
294,Nikola Jović,MIA,PF,46.0,10.0,1156.0,13.8,0.3,0.7,2.5,0.104,0.595,0.05035780956489393,0.5,-0.3211566874692443,False,0.0,
295,Torrey Craig,2TM,SF,104.0,20.0,4304.0,11.138615241635687,-1.7343401486988848,0.09999999999999999,0.8,0.07379368029739777,0.5568025092936804,0.04434956061158368,0.5,-0.32951522628929597,True,78.0,
296,Mason Jones,SAC,SG,14.0,0.0,172.5,18.530434782608694,0.09130434782608696,0.02608695652173913,0.2,0.20021739130434785,0.6103913043478261,0.04350835629410997,0.5,-0.33068549053730545,True,4.0,
297,Spencer Dinwiddie,DAL,PG,146.0,81.0,7086.0,14.466977138018628,-0.2727349703640983,0.8287044877222692,3.7,0.09317696867061813,0.5460143945808638,0.3659962313199875,0.259261744966443,-0.33283664466373564,True,67.0,
298,Aaron Nesmith,IND,SF,97.0,40.0,2558.0,10.50480844409695,-2.6317435496481627,0.007310398749022692,2.9,0.0766333072713057,0.571096168881939,0.04078359555778735,0.5,-0.3344761154875844,True,52.0,
299,Derrick Jones Jr.,LAC,SF,128.0,63.0,4120.5,13.227278242931684,-0.6272661084819804,0.4727338915180197,4.7,0.11945455648586337,0.6220906443392792,0.36682610754585676,0.25652348993288593,-0.3368095967747725,True,51.0,
300,Vit Krejci,ATL,PG,87.0,24.0,2878.0,10.18262682418346,-2.8962473940236273,-0.03912439193884639,2.6,0.06924252953439888,0.5818825573314802,0.03799274134324304,0.5,-0.3383586881763411,True,30.0,
301,Adem Bona,PHI,C,58.0,11.0,905.0,16.5,-2.7,-0.2,2.3,0.121,0.714,0.03734586215866231,0.5,-0.33925861173447236,False,0.0,
302,Jake LaRavia,2TM,PF,66.0,0.0,1349.0,12.6,0.2,0.8,2.9,0.104,0.591,0.03394577381058839,0.5,-0.34398873704549554,False,0.0,
303,Immanuel Quickley,TOR,PG,111.0,36.0,5423.0,15.090909090909092,0.5385579937304076,1.0,2.5,0.11553918495297805,0.5475705329153606,0.3598968611620589,0.25754362416107385,-0.3445391771308809,True,78.0,98.0
304,Toumani Camara,POR,PF,78.0,78.0,2548.0,12.5,-0.1,1.2,5.2,0.097,0.572,0.3615633015981145,0.2561073825503356,-0.34491026468210717,False,0.0,90.0
305,Oscar Tshiebwe,UTA,C,14.0,1.0,255.0,21.0,-1.4,0.0,1.0,0.182,0.64,0.03316863353242821,0.5,-0.34506987686411916,False,0.0,
306,Jeremiah Robinson-Earl,NOP,PF,115.0,45.0,3956.5,12.075786680146594,-2.2939466700366484,-0.13131555667888284,1.7,0.06631315556678884,0.5375867559711867,0.03310435816540447,0.5,-0.3451592952877924,True,49.0,
307,Haywood Highsmith,MIA,SF,93.0,43.0,2225.5,9.368995731296339,-2.3943832846551336,0.06337901595147158,3.3,0.07939406874859582,0.5579146259267581,0.032598819078232255,0.5,-0.34586258972815576,True,19.0,
308,Lonzo Ball,CHI,PG,70.0,49.0,3807.0,14.030575256107172,2.030575256107171,1.1959022852639873,1.2,0.08534672970843182,0.5645910165484632,0.3615595281229137,0.25469798657718123,-0.34755464652202417,True,35.0,
309,Shaedon Sharpe,POR,SG,72.0,52.0,2252.0,14.5,-1.3,0.4,3.0,0.064,0.551,0.03128942258929042,0.5,-0.3476841922397544,False,0.0,
310,Trey Murphy III,NOP,SF,115.0,52.0,4014.0,14.717040358744393,-0.27623318385650225,0.7080717488789239,3.5,0.09799551569506726,0.57647533632287,0.35854764338389256,0.2564697986577182,-0.348426945553005,True,62.0,58.0
311,Sam Hauser,BOS,PF,97.0,19.0,1936.0,13.208057851239671,1.1060433884297522,0.9163739669421488,4.4,0.14314101239669424,0.6356725206611571,0.35871331491096353,0.25469798657718123,-0.3515142333845363,True,26.0,
312,Quinten Post,GSW,PF,42.0,14.0,686.0,14.2,0.1,0.4,1.7,0.116,0.595,0.02850787596879597,0.5,-0.35155381641609235,False,0.0,
313,Landry Shamet,NYK,SG,119.0,14.0,4354.5,10.11250430589046,-1.4099896658629005,0.2300034447123665,1.0,0.08150017223561834,0.5589245607991734,0.027138536220618487,0.5,-0.35345881062187917,True,69.0,
314,Yves Missi,NOP,C,73.0,67.0,1956.0,15.4,-3.0,-0.5,3.6,0.089,0.572,0.026428952021835192,0.5,-0.35444596796467837,False,0.0,
315,Cam Reddish,LAL,SF,82.0,15.0,3119.0,11.780250080153895,-1.56437960884899,0.14334722667521643,0.7,0.04751074062199423,0.5345020840012825,0.02417045259478723,0.5,-0.3575879408227844,True,49.0,
316,Keegan Murray,SAC,PF,76.0,76.0,2610.0,12.0,-1.6,0.2,4.4,0.082,0.553,0.022536801314047714,0.5,-0.35986063920039824,False,0.0,
317,Cam Whitmore,HOU,SF,51.0,3.0,827.0,15.5,0.3,0.5,1.8,0.106,0.549,0.021651304497841323,0.5,-0.3610925221617752,False,0.0,
318,Jaime Jaquez Jr.,MIA,SF,66.0,17.0,1368.0,14.3,-0.9,0.4,2.3,0.081,0.543,0.019426949122995436,0.5,-0.36418699459371334,False,0.0,84.0
319,Cory Joseph,ORL,PG,115.0,55.0,4612.0,11.333651344319168,-1.9274934952298353,0.026539462272333045,1.5,0.08017519514310495,0.5747536860364267,0.01904763226090614,0.5,-0.3647146915552592,True,65.0,
320,Damion Lee,PHO,SG,88.0,5.0,3284.0,10.943848964677223,-2.135931790499391,-0.00438489646772229,-0.1,0.09616808769792935,0.5582813641900123,0.01631476258639611,0.5,-0.36851659747527754,True,63.0,
321,Jeff Green,HOU,PF,107.0,66.0,5018.5,12.586798844276178,-2.271166683271894,-0.16843678389957156,1.3,0.10557666633456211,0.6287359768855235,0.016094451661020415,0.5,-0.36882308900659466,True,75.0,
322,Garrison Mathews,ATL,SG,112.0,35.0,5110.0,11.032485322896282,-2.186301369863014,-0.0675146771037182,1.5,0.07862426614481409,0.6026497064579256,0.015877686887944442,0.5,-0.36912464721176474,True,65.0,
323,Jabari Walker,POR,PF,60.0,1.0,749.0,15.0,-0.8,0.2,2.0,0.128,0.601,0.014623328550288325,0.5,-0.3708696819034078,False,0.0,
324,Dalano Banton,POR,PG,131.0,8.0,2860.0,11.135664335664336,-2.199300699300699,-0.004195804195804196,0.8,0.031174825174825175,0.4763146853146853,0.014379964970306691,0.5,-0.37120824376169137,True,64.0,
325,Mac McClung,ORL,SG,4.0,0.0,72.5,4.441379310344828,-9.793103448275861,0.0,0.0,-0.04355172413793103,0.5353448275862069,0.01306831628984142,0.5,-0.37303297947073655,True,2.0,
326,Branden Carlson,OKC,C,32.0,0.0,246.0,17.6,1.3,0.2,0.9,0.177,0.581,0.01157406055079388,0.5,-0.3751117539521156,False,0.0,
327,Tristan Vukcevic,WAS,C,35.0,1.0,513.0,17.8,-0.5,0.2,0.7,0.069,0.608,0.010661367877161012,0.5,-0.37638147116966436,False,0.0,
328,Ochai Agbaji,TOR,SG,64.0,45.0,1739.0,12.0,-0.7,0.5,3.1,0.087,0.601,0.009802430469883872,0.5,-0.37757640528749326,False,0.0,
329,Josh Minott,MIN,SF,46.0,0.0,276.0,15.5,2.2,0.3,0.9,0.153,0.605,0.00976095312423827,0.5,-0.3776341076241351,False,0.0,
330,Cam Thomas,BRK,SG,92.0,25.0,3721.0,13.022305831765655,-2.6234076861058857,-0.2110991668906208,1.2,0.04097581295350712,0.5307538296156947,0.009199878948029983,0.5,-0.37841466121291095,True,67.0,
331,Maxi Kleber,DAL,PF,93.0,25.0,4262.0,10.192914124824025,-0.9081651806663538,0.4654856874706711,0.3,0.08679047395588925,0.5298259033317693,0.00892287020647864,0.5,-0.3788000294521007,True,59.0,
332,Ryan Rollins,MIL,PG,56.0,19.0,820.0,14.0,-0.5,0.3,1.7,0.101,0.6,0.008614129930291476,0.5,-0.37922954187807995,False,0.0,82.0
333,David Duke Jr.,SAS,SG,28.0,7.0,886.5,10.08437676254935,-3.807952622673435,-0.19232938522278623,0.0,0.047041173152848274,0.4476051889452905,0.008208319361837163,0.5,-0.379794096279266,True,22.0,
334,Dru Smith,MIA,SG,14.0,1.0,268.0,13.3,2.1,0.3,0.7,0.118,0.656,0.00739007912137343,0.5,-0.38093241342743883,False,0.0,
335,Karlo Matković,NOP,PF,42.0,7.0,791.0,15.6,-2.0,0.0,1.6,0.096,0.639,0.00660862850230655,0.5,-0.38201954969395874,False,0.0,
336,Jared Rhoden,2TM,SG,14.0,2.0,227.0,16.4,-0.5,0.1,0.6,0.131,0.602,0.005575666944331152,0.5,-0.38345658223855755,False,0.0,
337,Jaden Ivey,DET,SG,30.0,30.0,898.0,14.7,0.0,0.5,1.2,0.062,0.569,0.004133389958745402,0.5,-0.38546304506441026,False,0.0,
338,N'Faly Dante,HOU,C,4.0,0.0,51.0,24.0,2.4,0.1,0.3,0.283,0.789,0.0034941152262488165,0.5,-0.38635238948235534,False,0.0,
339,Joe Ingles,MIN,SF,64.0,16.0,2919.0,9.703186022610483,-0.5616649537512847,0.47656731757451176,-0.1,0.08896197327852004,0.542212744090442,0.0030777741446736395,0.5,-0.3869315936930615,True,45.0,
340,Keshad Johnson,MIA,SF,16.0,0.0,98.0,19.1,-0.1,0.0,0.4,0.181,0.718,0.002519312665915548,0.5,-0.3877085125567733,False,0.0,
341,Craig Porter Jr.,CLE,PG,51.0,1.0,513.0,13.1,1.1,0.4,1.1,0.102,0.61,0.0022777829975923532,0.5,-0.3880445231190123,False,0.0,
342,Marcus Sasser,DET,PG,57.0,1.0,811.0,14.0,-0.6,0.3,1.8,0.108,0.589,0.0019683885620952082,0.5,-0.38847494559649404,False,0.0,
343,Matt Ryan,NYK,SF,20.0,0.0,80.5,5.696273291925465,-8.462732919254659,-0.084472049689441,-0.1,-0.08696894409937889,0.41741614906832303,0.0019629471531683595,0.5,-0.388482515560406,True,1.0,
344,Quenton Jackson,IND,PG,28.0,7.0,381.0,14.7,-0.3,0.2,1.0,0.126,0.58,0.001569526720846499,0.5,-0.3890298330869796,False,0.0,
345,Cam Spencer,MEM,SG,25.0,1.0,252.0,14.2,0.5,0.2,0.8,0.16,0.587,0.0015492410231464212,0.5,-0.38905805408664773,False,0.0,
346,Alondes Williams,DET,SG,1.0,0.0,4.0,53.4,44.1,0.0,0.0,0.565,1.25,0.001459802968238848,0.5,-0.3891824782674273,False,0.0,
347,Patrick Baldwin Jr.,2TM,SF,24.0,0.0,107.0,16.2,1.5,0.1,0.2,0.098,0.721,0.001089079844859047,0.5,-0.3896982198158119,False,0.0,
348,PJ Hall,DEN,C,19.0,0.0,66.0,18.3,-1.3,0.0,0.2,0.168,0.641,0.0008610476474841335,0.5,-0.3900154530045149,False,0.0,
349,Jahmir Young,CHI,PG,6.0,0.0,30.0,16.8,0.5,0.0,0.1,0.22,0.935,0.000718188840845876,0.5,-0.39021419491590226,False,0.0,
350,Bobi Klintman,DET,SF,8.0,0.0,42.0,15.9,1.0,0.0,0.2,0.208,0.689,0.0006815902604307483,0.5,-0.39026511002570147,False,0.0,
351,Daeqwon Plowden,ATL,SG,6.0,0.0,72.0,16.1,-0.1,0.0,0.2,0.125,0.831,0.00040194421012258383,0.5,-0.3906541472286435,False,0.0,
352,Isaiah Mobley,PHI,PF,1.0,0.0,17.0,17.2,4.7,0.0,0.0,0.119,0.381,0.0003631717596637972,0.5,-0.3907080865768341,False,0.0,
353,James Wiseman,IND,C,1.0,0.0,5.0,31.2,1.6,0.0,0.0,0.237,0.615,0.0003336974215908768,0.5,-0.3907490906032804,False,0.0,
354,Jackson Rowe,GSW,PF,6.0,0.0,52.0,15.9,1.0,0.0,0.2,0.153,0.56,0.0002953062286348662,0.5,-0.39080249955473434,False,0.0,
355,Emanuel Miller,CHI,PF,6.0,0.0,25.0,18.1,-1.8,0.0,0.1,0.201,0.563,0.00019745861332905868,0.5,-0.390938622924012,False,0.0,
356,Skal Labissière,SAC,PF,4.0,0.0,12.0,15.9,2.1,0.0,0.0,0.165,0.625,0.00012582042333805676,0.5,-0.39103828433895854,False,0.0,
357,Leonard Miller,MIN,SF,13.0,0.0,32.0,19.9,-3.7,0.0,0.1,0.145,0.54,0.00011913865558517622,0.5,-0.39104757986176114,False,0.0,
358,Jahlil Okafor,IND,C,1.0,0.0,3.0,13.8,7.5,0.0,0.0,0.196,,8.737313183838359e-05,0.5,-0.39109177133342615,False,0.0,
359,Yuri Collins,GSW,PG,2.0,0.0,16.0,13.9,0.3,0.0,0.1,0.214,0.333,-7.305478305175799e-05,0.5,-0.391314954987241,False,0.0,
360,Tolu Smith,DET,PF,1.0,0.0,22.0,19.5,-8.9,0.0,0.1,0.128,0.678,-0.000353021197720077,0.5,-0.3917044378737693,False,0.0,
361,Adama Sanogo,CHI,C,4.0,0.0,21.0,15.2,-2.6,0.0,0.0,0.105,0.571,-0.00035464132314009275,0.5,-0.3917066917552782,False,0.0,
362,Jesse Edwards,MIN,C,2.0,0.0,5.0,-0.1,-4.0,0.0,0.0,0.111,,-0.00041806917635720187,0.5,-0.391794931137086,False,0.0,
363,Zyon Pullin,MEM,SG,3.0,0.0,3.0,-11.7,-22.7,0.0,0.0,-0.304,0.0,-0.0007675770505755728,0.5,-0.3922811585150242,False,0.0,
364,Isaiah Stevens,MIA,PG,3.0,0.0,6.0,0.1,-11.8,0.0,0.0,-0.196,0.0,-0.0008808171354300544,0.5,-0.3924386955366419,False,0.0,
365,RayJ Dennis,IND,PG,11.0,0.0,70.0,13.9,0.7,0.0,0.1,0.036,0.443,-0.0009406603409491276,0.5,-0.3925219480383832,False,0.0,
366,Harrison Ingram,SAS,SF,5.0,0.0,35.0,10.9,-1.2,0.0,0.1,0.093,0.5,-0.0009557669465121499,0.5,-0.39254296400327066,False,0.0,
367,Tyler Smith,MIL,PF,23.0,0.0,122.0,15.2,-0.9,0.0,0.2,0.083,0.626,-0.0010512228747645558,0.5,-0.392675760112104,False,0.0,
368,Riley Minix,SAS,SF,1.0,0.0,7.0,-1.7,-11.8,0.0,0.0,-0.114,0.0,-0.0010897505064591734,0.5,-0.3927293588740172,False,0.0,
369,Taze Moore,POR,SG,2.0,0.0,20.0,7.1,-4.3,0.0,-0.1,-0.15,0.276,-0.0015692283216473498,0.5,-0.3933963974675822,False,0.0,
370,Miles Norris,BOS,PF,3.0,0.0,35.0,8.5,-1.9,0.0,0.0,0.049,0.354,-0.0017712875744559156,0.5,-0.39367749768857435,False,0.0,
371,E.J. Liddell,CHI,PF,12.0,0.0,53.0,11.1,-4.1,0.0,0.1,0.108,0.661,-0.0018250992855885979,0.5,-0.3937523593129795,False,0.0,
372,Ron Harper Jr.,DET,SF,1.0,0.0,17.0,7.9,-14.7,0.0,0.0,-0.06,0.225,-0.0018839016965117856,0.5,-0.3938341638850326,False,0.0,
373,Quincy Olivari,LAL,PG,2.0,0.0,10.0,-5.2,-18.6,0.0,-0.1,-0.3,0.3,-0.002019052242814202,0.5,-0.39402218224056323,False,0.0,
374,Kevin McCullar Jr.,NYK,SF,4.0,0.0,29.0,6.7,-7.2,0.0,0.0,0.06,0.381,-0.002123222766310852,0.5,-0.39416710189541077,False,0.0,
375,Anton Watson,NYK,SF,9.0,0.0,22.0,5.9,-10.1,0.0,0.0,-0.07,0.444,-0.0021731562004163375,0.5,-0.39423656814932817,False,0.0,
376,Isaiah Crawford,SAC,SF,15.0,0.0,46.0,9.2,-4.1,0.0,0.0,0.037,0.509,-0.002440656135321079,0.5,-0.39460870795372666,False,0.0,
377,Isaac Jones,SAC,PF,40.0,0.0,304.0,15.2,-1.7,0.0,0.7,0.115,0.678,-0.002582476411829166,0.5,-0.3948060050856989,False,0.0,
378,Cui Yongxi,BRK,SG,5.0,0.0,10.0,-10.7,-24.9,-0.1,-0.1,-0.473,0.19,-0.0026131065599507707,0.5,-0.39484861704870644,False,0.0,
379,Trentyn Flowers,LAC,SF,6.0,0.0,27.0,4.3,-8.3,0.0,0.0,-0.033,0.446,-0.0026728360840810018,0.5,-0.394931711399494,False,0.0,
380,Ulrich Chomche,TOR,PF,7.0,0.0,32.0,5.2,-7.4,0.0,0.0,0.001,0.425,-0.002724744819038995,0.5,-0.3950039256468759,False,0.0,
381,Malevy Leons,OKC,SF,6.0,0.0,21.0,-2.3,-12.4,-0.1,0.0,-0.052,0.266,-0.0031102712277801506,0.5,-0.395540261188006,False,0.0,
382,Cam Christie,LAC,SG,13.0,0.0,59.0,9.1,-2.5,0.0,0.0,-0.005,0.349,-0.0031374173229417397,0.5,-0.3955780262160507,False,0.0,
383,Yuki Kawamura,MEM,PG,22.0,0.0,93.0,11.0,-2.8,0.0,0.2,0.095,0.53,-0.0032039883355706768,0.5,-0.39567063828949717,False,0.0,
384,Emoni Bates,CLE,SF,10.0,0.0,75.0,9.8,-1.5,0.0,0.1,0.038,0.487,-0.003269345023105035,0.5,-0.3957615610215863,False,0.0,
385,Tristen Newton,2TM,SG,8.0,0.0,16.0,-6.1,-20.7,-0.1,-0.1,-0.33,0.178,-0.003381190970014464,0.5,-0.3959171585503127,False,0.0,
386,Alex Reese,2TM,PF,15.0,0.0,216.0,14.0,-1.2,0.0,0.5,0.109,0.641,-0.0033842077132399634,0.5,-0.395921355374638,False,0.0,
387,Jacob Toppin,2TM,SF,17.0,0.0,76.0,9.2,-2.6,0.0,0.0,0.03,0.523,-0.00358437074764944,0.5,-0.39619981761986994,False,0.0,
388,Daniss Jenkins,DET,PG,7.0,0.0,23.0,-0.1,-15.8,-0.1,-0.1,-0.15,0.322,-0.003629978863804804,0.5,-0.39626326659016997,False,0.0,
389,Alex Ducas,OKC,SG,21.0,0.0,125.0,10.1,-2.0,0.0,0.3,0.125,0.583,-0.0037815237850084968,0.5,-0.3964740924259012,False,0.0,
390,Mouhamed Gueye,ATL,PF,33.0,28.0,533.0,14.4,-0.6,0.2,1.2,0.106,0.52,-0.0040510566136365625,0.5,-0.39684906034565176,False,0.0,
391,Jalen Bridges,PHO,SF,8.0,0.0,30.0,-0.1,-12.5,-0.1,-0.1,-0.178,0.514,-0.0042445645139097795,0.5,-0.3971182641201606,False,0.0,
392,Jack McVeigh,HOU,PF,9.0,0.0,43.0,4.0,-7.7,-0.1,0.0,-0.031,0.412,-0.004248666537861462,0.5,-0.39712397076226336,False,0.0,
393,Bryce McGowens,POR,SG,13.0,0.0,32.0,1.7,-13.6,-0.1,-0.1,-0.172,0.391,-0.004542843350327171,0.5,-0.39753322282988934,False,0.0,
394,Jazian Gortman,DAL,PG,16.0,0.0,57.0,6.5,-6.3,-0.1,-0.1,-0.056,0.485,-0.004691153304868273,0.5,-0.3977395482538299,False,0.0,
395,D.J. Carton,TOR,SG,4.0,0.0,33.0,-2.6,-11.1,-0.1,-0.1,-0.199,0.202,-0.005158457998830964,0.5,-0.398389651878968,False,0.0,
396,Jaylen Sims,CHO,SG,6.0,0.0,112.0,9.8,-4.1,-0.1,0.1,0.048,0.607,-0.005472898959478195,0.5,-0.39882709496706376,False,0.0,
397,Duop Reath,POR,C,46.0,0.0,469.0,13.7,-0.3,0.2,1.0,0.105,0.552,-0.005778038136519602,0.5,-0.39925159762609796,False,0.0,
398,Kobe Bufkin,ATL,SG,10.0,0.0,124.0,10.5,-4.0,-0.1,0.0,0.018,0.483,-0.006225215326182738,0.5,-0.39987370032661634,False,0.0,
399,MarJon Beauchamp,3TM,SF,35.0,0.0,156.0,12.3,-4.3,-0.1,0.1,0.02,0.535,-0.006275688434831819,0.5,-0.399943917363442,False,0.0,
400,Ben Simmons,2TM,PG,51.0,24.0,1120.0,12.4,-0.5,0.4,1.8,0.078,0.539,-0.0064886317284817184,0.5,-0.4002401592136506,False,0.0,
401,Liam Robbins,MIL,C,13.0,0.0,57.0,2.6,-10.5,-0.1,-0.1,-0.066,0.363,-0.00660429539809624,0.5,-0.4004010678710739,False,0.0,
402,Drew Peterson,BOS,PF,25.0,1.0,186.0,10.5,-0.8,0.1,0.4,0.115,0.601,-0.007291202266016228,0.5,-0.40135667702873135,False,0.0,
403,Armel Traoré,LAL,SF,9.0,0.0,67.0,3.5,-9.8,-0.1,-0.1,-0.092,0.317,-0.007564721155242103,0.5,-0.40173719026501337,False,0.0,
404,JD Davison,BOS,PG,16.0,0.0,93.0,6.5,-6.2,-0.1,-0.2,-0.081,0.445,-0.007749683503084408,0.5,-0.40199450566201195,False,0.0,
405,Phillip Wheeler,PHI,PF,5.0,0.0,44.0,-2.3,-18.2,-0.2,-0.3,-0.283,0.183,-0.008340757772271317,0.5,-0.40281679469546006,False,0.0,
406,Justin Minaya,POR,SF,19.0,0.0,101.0,5.0,-5.4,-0.1,0.0,-0.007,0.411,-0.008395488436516026,0.5,-0.4028929347464618,False,0.0,
407,Elijah Harkless,UTA,SG,10.0,0.0,138.0,7.8,-3.8,-0.1,0.1,0.023,0.425,-0.008510700092531538,0.5,-0.40305321457288235,False,0.0,
408,Sidy Cissoko,2TM,SF,22.0,0.0,114.0,6.7,-5.1,-0.1,-0.1,-0.045,0.471,-0.008510848323123661,0.5,-0.40305342078789913,False,0.0,
409,Pacome Dadiet,NYK,SG,18.0,0.0,111.0,6.3,-6.5,-0.1,0.0,0.002,0.446,-0.008861242435474453,0.5,-0.40354088108010083,False,0.0,
410,Jaylen Clark,MIN,SG,40.0,4.0,522.0,12.0,-0.2,0.2,1.6,0.147,0.598,-0.009199605484707746,0.5,-0.4040116040318736,False,0.0,
411,Stanley Umude,MIL,SG,22.0,0.0,86.0,3.4,-8.1,-0.1,-0.2,-0.086,0.27,-0.009348242191192185,0.5,-0.4042183840256604,False,0.0,
412,Christian Koloko,LAL,C,37.0,0.0,342.0,13.0,-2.8,-0.1,0.9,0.13,0.624,-0.009510015380590374,0.5,-0.40444343919466824,False,0.0,
413,Jeenathan Williams,HOU,SG,20.0,0.0,147.0,8.6,-5.7,-0.1,0.0,-0.007,0.496,-0.009898553959468086,0.5,-0.4049839651981468,False,0.0,
414,Jevon Carter,CHI,PG,102.0,4.0,2583.5,9.923050125798335,-2.1875749951616026,-0.08757499516160248,0.3,0.06001199922585639,0.5282664989355526,-0.010406327540699312,0.5,-0.40569036821564813,True,66.0,
415,Luke Travers,CLE,SG,12.0,0.0,88.0,1.9,-9.7,-0.2,-0.1,-0.082,0.287,-0.01068608525823439,0.5,-0.4060795607674877,False,0.0,
416,TyTy Washington Jr.,PHO,PG,16.0,0.0,118.0,6.5,-8.0,-0.2,-0.2,-0.065,0.367,-0.011281278509484334,0.5,-0.406907580034776,False,0.0,
417,Dominick Barlow,ATL,PF,35.0,4.0,375.0,14.6,-2.2,0.0,1.0,0.131,0.58,-0.012080375992331074,0.5,-0.4080192662154393,False,0.0,
418,Lester Quiñones,2TM,SG,13.0,0.0,183.0,9.5,-6.1,-0.2,-0.1,-0.025,0.514,-0.012358512141391999,0.5,-0.408406202878226,False,0.0,
419,Spencer Jones,DEN,SF,20.0,0.0,125.0,4.5,-8.5,-0.2,-0.1,-0.031,0.368,-0.012639374231769978,0.5,-0.4087969318083599,False,0.0,
420,Jaden Springer,2TM,PG,45.0,2.0,380.0,11.319736842105263,-1.9184210526315792,-0.09605263157894736,0.5,0.0726842105263158,0.5303026315789474,-0.012732886117420978,0.5,-0.40892702340949433,True,2.0,
421,Pat Spencer,GSW,PG,39.0,0.0,250.0,12.6,-1.6,0.0,0.3,0.055,0.455,-0.012822043599403104,0.5,-0.40905105726362323,False,0.0,
422,Trey Alexander,DEN,SG,24.0,0.0,117.0,2.9,-9.7,-0.2,-0.2,-0.077,0.374,-0.013742224805671246,0.5,-0.41033119235686644,False,0.0,
423,Cole Swider,2TM,SF,10.0,0.0,169.0,6.5,-7.3,-0.2,0.0,-0.009,0.465,-0.014290288245381906,0.5,-0.4110936457059656,False,0.0,
424,Tyson Etienne,BRK,PG,7.0,0.0,151.0,5.6,-8.8,-0.3,-0.1,-0.021,0.488,-0.014539333195968375,0.5,-0.4114401113573711,False,0.0,
425,Lonnie Walker IV,PHI,SG,90.0,13.0,4507.0,12.384668293765253,-2.489416463279343,-0.1788329265586865,0.3,0.03657665853117373,0.5158100732194365,-0.014693877204099037,0.5,-0.4116551094543882,True,70.0,
426,Jared McCain,PHI,SG,23.0,8.0,592.0,15.2,0.2,0.3,0.7,0.057,0.589,-0.01586480511196136,0.5,-0.41328407763620045,False,0.0,
427,Kobe Brown,LAC,PF,40.0,0.0,272.0,10.8,-2.1,0.0,0.5,0.085,0.513,-0.016424938753421707,0.5,-0.4140633227745004,False,0.0,
428,Chris Livingston,MIL,SF,21.0,1.0,106.0,9.8,-6.1,-0.1,0.1,0.035,0.441,-0.016461050365492426,0.5,-0.41411356042505276,False,0.0,
429,Ousmane Dieng,OKC,C,37.0,1.0,405.0,11.5,-0.9,0.1,0.9,0.104,0.538,-0.01850481883731079,0.5,-0.41695680447895966,False,0.0,
430,Ajay Mitchell,OKC,SG,36.0,1.0,597.0,12.0,-1.6,0.1,1.5,0.122,0.587,-0.0194790567566423,0.5,-0.41831214203770245,False,0.0,83.0
431,Gui Santos,GSW,PF,56.0,2.0,762.0,11.7,-1.7,0.1,1.7,0.11,0.575,-0.022385233177507697,0.5,-0.42235514834794174,False,0.0,
432,Johnny Davis,WAS,SG,34.0,0.0,242.0,10.2,-2.8,0.0,0.1,0.01,0.473,-0.02278649951570662,0.5,-0.4229133809197076,False,0.0,
433,Brandon Boston Jr.,NOP,SG,93.0,10.0,2893.0,11.714863463532664,-3.025406152782579,-0.23135153819564463,0.7,0.028402696163152438,0.49953508468717595,-0.023087392748344315,0.5,-0.4233319767177907,True,51.0,
434,Pete Nance,2TM,C,13.0,1.0,138.0,8.5,-4.9,-0.1,0.2,0.064,0.578,-0.023234261640893098,0.5,-0.42353629736917636,False,0.0,
435,Terrence Shannon Jr.,MIN,SG,32.0,1.0,339.0,11.9,-2.1,0.0,0.6,0.091,0.56,-0.023736349044662937,0.5,-0.4242347899063667,False,0.0,
436,Enrique Freeman,IND,PF,22.0,1.0,181.0,7.4,-6.3,-0.2,0.2,0.046,0.507,-0.02434481405621933,0.5,-0.4250812725436974,False,0.0,
437,Tyler Kolek,NYK,PG,41.0,0.0,296.0,10.3,-2.8,-0.1,0.4,0.058,0.453,-0.024579434900848143,0.5,-0.42540767170808996,False,0.0,
438,Lamar Stevens,MEM,PF,80.0,14.0,2692.5,11.311513463324049,-2.9748375116063137,-0.19424326833797587,0.2,0.07650324976787373,0.5440575673166202,-0.02490442150520769,0.5,-0.42585978565503946,True,63.0,
439,Dariq Whitehead,BRK,SF,20.0,0.0,246.0,9.4,-3.7,-0.1,0.1,0.01,0.58,-0.025946033340796416,0.5,-0.4273088522684322,False,0.0,
440,Isaiah Wong,CHO,SG,20.0,0.0,265.0,10.9,-4.0,-0.1,0.1,0.01,0.5,-0.02637170580422563,0.5,-0.4279010380846075,False,0.0,
441,Josh Christopher,MIA,SG,88.0,2.0,3404.0,12.143243243243242,-3.5891891891891894,-0.4918918918918919,-0.1,0.008317567567567569,0.5316081081081081,-0.02669656512129301,0.5,-0.42835297495238106,True,74.0,
442,Kylor Kelley,2TM,C,11.0,2.0,126.0,12.1,-5.4,-0.1,0.3,0.102,0.644,-0.026696689599340472,0.5,-0.4283531481233997,False,0.0,
443,Bronny James,LAL,SG,27.0,1.0,181.0,7.1,-7.2,-0.2,-0.2,-0.043,0.424,-0.027267854773933172,0.5,-0.42914774007882533,False,0.0,
444,Nae'Qwan Tomlin,CLE,PF,5.0,1.0,63.0,14.4,-5.5,-0.1,0.1,0.093,0.489,-0.027281212206695053,0.5,-0.4291663226344325,False,0.0,
445,Johnny Furphy,IND,SG,50.0,0.0,379.0,9.8,-2.5,0.0,0.5,0.07,0.506,-0.028893477238722747,0.5,-0.43140926895092807,False,0.0,
446,Jarace Walker,IND,PF,75.0,5.0,1187.0,11.9,-0.9,0.3,1.6,0.065,0.59,-0.03004340860201462,0.5,-0.4330090272191293,False,0.0,
447,Devin Carter,SAC,PG,36.0,0.0,396.0,10.8,-3.2,-0.1,0.4,0.043,0.471,-0.03264191869576601,0.5,-0.43662401515682964,False,0.0,
448,Jaylen Martin,2TM,SF,16.0,0.0,239.0,9.1,-6.3,-0.3,0.0,-0.004,0.497,-0.03273189125282389,0.5,-0.43674918292480197,False,0.0,
449,Jordan Goodwin,LAL,PG,31.0,5.0,558.0,11.226344086021506,-1.6951612903225808,0.1946236559139785,1.0,0.06741397849462366,0.5264569892473119,-0.0327339108622437,0.5,-0.4367519925593341,True,2.0,
450,Colby Jones,2TM,SG,39.0,0.0,515.0,11.4,-2.8,-0.1,0.6,0.053,0.544,-0.03412528389191852,0.5,-0.4386876389634836,False,0.0,
451,Jordan Miller,LAC,SF,37.0,0.0,420.0,10.5,-2.8,-0.1,0.4,0.049,0.509,-0.034570481086276784,0.5,-0.4393069871397225,False,0.0,
452,Malaki Branham,SAS,SG,47.0,0.0,427.0,12.0,-3.2,-0.1,0.1,0.007,0.575,-0.03489448892950733,0.5,-0.439757739456527,False,0.0,
453,David Roddy,3TM,PF,33.0,3.0,410.0,11.9,-1.5,0.1,0.5,0.062,0.561,-0.03519551555200568,0.5,-0.44017652082354003,False,0.0,
454,Dalton Knecht,LAL,SF,78.0,16.0,1494.0,12.7,-1.8,0.1,2.7,0.086,0.594,-0.0383715068656267,0.5,-0.4445948874547067,False,0.0,
455,Talen Horton-Tucker,CHI,SG,118.0,19.0,4501.5,11.450338775963568,-3.155248250583139,-0.43566588914806176,1.1,0.03975508163945351,0.5132934577363101,-0.03868999447574328,0.5,-0.4450379601491892,True,60.0,
456,A.J. Lawson,TOR,SG,26.0,2.0,486.0,12.7,-2.5,-0.1,0.8,0.081,0.542,-0.039685524494194824,0.5,-0.446422918790287,False,0.0,
457,Wendell Moore Jr.,2TM,SG,36.0,1.0,499.0,11.0,-2.7,-0.1,0.7,0.063,0.553,-0.039722882640721845,0.5,-0.4464748905911258,False,0.0,
458,Baylor Scheierman,BOS,SG,31.0,2.0,384.0,10.3,-1.7,0.0,0.7,0.089,0.49,-0.04005645080819951,0.5,-0.4469389430128318,False,0.0,
459,Jamal Cain,NOP,SF,37.0,0.0,502.0,11.4,-3.4,-0.2,0.4,0.036,0.544,-0.04062135057310265,0.5,-0.4477248186732901,False,0.0,
460,Olivier-Maxence Prosper,DAL,PF,52.0,4.0,584.0,12.6,-2.1,0.0,0.9,0.072,0.484,-0.042207820338431866,0.5,-0.4499318792034695,False,0.0,
461,Ariel Hukporti,NYK,C,25.0,1.0,217.0,7.6,-5.6,-0.2,0.1,0.02,0.654,-0.04282863744599772,0.5,-0.45079554579486175,False,0.0,
462,Jaylon Tyson,CLE,SG,47.0,3.0,453.0,11.1,-2.7,-0.1,0.8,0.083,0.523,-0.04358591677720634,0.5,-0.4518490555173646,False,0.0,
463,Jamaree Bouyea,MIL,PG,5.0,1.0,62.0,9.7,-5.4,0.0,0.0,0.007,0.581,-0.04363427376209789,0.5,-0.45191632865111414,False,0.0,
464,Oshae Brissett,PHI,SF,73.0,27.0,4052.0,12.791362290227047,-2.3436821322803554,-0.09999999999999999,0.1,0.06724777887462981,0.5316120434353406,-0.043756180533243955,0.5,-0.45208592256890445,True,67.0,
465,Corey Kispert,WAS,SF,138.0,36.0,6104.5,10.926242935539356,-2.667401097550987,-0.25745761323613725,1.1,0.0533895486935867,0.5854751412892127,-0.04505361988341752,0.5,-0.4538908905819416,True,77.0,
466,Brandon Williams,DAL,PG,57.0,19.0,2087.0,12.703449928126497,-4.136559655007187,-0.36665069477719214,1.3,0.0017359846669861066,0.5128691902252036,-0.046362387235593466,0.5,-0.45571161785282993,True,24.0,
467,James Johnson,IND,PF,74.0,10.0,3014.5,10.173577707745896,-2.2920550671753195,-0.09999999999999999,-0.1,0.06517697793995689,0.5109993365400564,-0.04742017128604917,0.5,-0.4571831828824539,True,62.0,
468,Adam Flagler,OKC,SG,37.0,0.0,203.0,3.7,-10.3,-0.4,-0.3,-0.062,0.335,-0.04814146196122611,0.5,-0.45818662600803967,False,0.0,
469,Maxwell Lewis,2TM,SF,28.0,1.0,327.0,9.9,-4.4,-0.2,0.2,0.03,0.516,-0.048291156284235616,0.5,-0.45839487733379863,False,0.0,
470,Tosan Evbuomwan,BRK,SF,28.0,0.0,665.0,11.6,-3.2,-0.2,0.6,0.044,0.53,-0.04832959689478391,0.5,-0.4584483550338791,False,0.0,
471,Jalen Pickett,DEN,SG,49.0,4.0,666.0,10.9,-1.5,0.1,1.1,0.078,0.545,-0.048347192840752166,0.5,-0.45847283411232514,False,0.0,
472,Julian Champagnie,SAS,SF,82.0,29.0,1932.0,12.2,-1.3,0.4,2.5,0.062,0.577,-0.04898712082786379,0.5,-0.45936308732318165,False,0.0,
473,Jalen Hood-Schifino,2TM,SG,15.0,0.0,315.0,7.9,-6.9,-0.4,-0.1,-0.015,0.494,-0.04968304677813121,0.5,-0.4603312436223622,False,0.0,
474,Trey Jemison,2TM,C,38.0,0.0,392.0,8.9,-6.8,-0.5,0.3,0.037,0.537,-0.049743949523875765,0.5,-0.4604159701322837,False,0.0,
475,Gabe Vincent,LAL,PG,140.0,38.0,5499.5,9.711482862078372,-2.121920174561324,-0.07766160560050916,1.3,0.06572652059278115,0.5468350759159925,-0.053683109356248926,0.5,-0.4658960393892573,True,68.0,
476,Brice Sensabaugh,UTA,SF,71.0,15.0,1432.0,13.4,-1.2,0.3,1.2,0.042,0.612,-0.05419872596601342,0.5,-0.4666133534490559,False,0.0,
477,Ziaire Williams,BRK,SF,125.0,76.0,4906.0,10.391031390134527,-2.780126375866286,-0.2371789645332246,2.1,0.07528842233999185,0.5561730534039951,-0.05801426684837002,0.5,-0.4719214468440709,True,62.0,
478,Jordan Walsh,BOS,PF,52.0,1.0,403.0,6.9,-3.9,-0.2,0.4,0.044,0.464,-0.0587514449091918,0.5,-0.47294699213797464,False,0.0,
479,Rayan Rupert,POR,SG,52.0,0.0,460.0,8.1,-4.7,-0.3,0.1,0.007,0.499,-0.060340659371882634,0.5,-0.4751578710284824,False,0.0,
480,Hunter Tyson,DEN,PF,51.0,2.0,400.0,9.0,-4.8,-0.3,0.4,0.047,0.506,-0.0618248267803511,0.5,-0.4772226108546017,False,0.0,
481,Reed Sheppard,HOU,PG,52.0,3.0,654.0,9.7,-1.7,0.1,0.8,0.055,0.465,-0.06238510334808277,0.5,-0.47800205482866837,False,0.0,
482,Rob Dillingham,MIN,PG,49.0,1.0,516.0,10.2,-4.2,-0.3,0.1,0.012,0.503,-0.06304010463014396,0.5,-0.4789132776634472,False,0.0,
483,Caleb Houstan,ORL,SF,58.0,6.0,788.0,9.4,-2.2,0.0,1.8,0.109,0.605,-0.06419022430257262,0.5,-0.48051329790302194,False,0.0,
484,Drew Timme,BRK,PF,9.0,2.0,254.0,11.0,-6.7,-0.3,0.0,0.009,0.5,-0.06460751023826634,0.5,-0.4810938165732138,False,0.0,
485,Gary Harris,ORL,SG,109.0,33.0,5036.0,10.335266084193805,-2.4423550436854646,-0.1858816521048451,1.0,0.06098828435266084,0.5643643764892772,-0.06617309378628111,0.5,-0.48327182067454283,True,61.0,
486,Oso Ighodaro,PHO,PF,61.0,6.0,1045.0,11.1,-2.6,-0.2,1.6,0.075,0.61,-0.06685081440384853,0.5,-0.48421465013036386,False,0.0,
487,Orlando Robinson,2TM,C,44.0,8.0,770.0,12.9,-3.4,-0.3,1.2,0.072,0.519,-0.0734512923875655,0.5,-0.49339708446131786,False,0.0,
488,Davion Mitchell,2TM,PG,149.0,56.0,7217.0,10.631481224885688,-3.462962449771373,-0.7314812248856867,3.0,0.021817929887765,0.5125926285160038,-0.0745422836662642,0.5,-0.4949148466289985,True,75.0,
489,Blake Wesley,SAS,SG,58.0,0.0,683.0,9.9,-4.2,-0.4,0.2,0.011,0.51,-0.07517261622387256,0.5,-0.4957917508973227,False,0.0,
490,Peyton Watson,DEN,SF,68.0,18.0,1656.0,11.4,-1.8,0.1,2.5,0.073,0.564,-0.07583394740681029,0.5,-0.4967117797457362,False,0.0,
491,Eric Gordon,PHI,SG,96.0,59.0,4940.5,11.897915190770165,-2.1911851027223963,-0.06891002934925615,0.9,0.042020848092298356,0.6104246533751644,-0.07690426276093743,0.5,-0.49820077803903096,True,57.0,
492,Chris Duarte,CHI,SG,72.0,39.0,3926.5,12.379154463262447,-2.234037947281294,-0.09623073984464536,0.3,0.0316761747103018,0.5383757799567044,-0.07896774630208447,0.5,-0.5010714492474391,True,55.0,
493,Ron Holland,DET,SF,81.0,2.0,1266.0,11.1,-3.0,-0.3,1.8,0.067,0.556,-0.07927043041131038,0.5,-0.5014925364721593,False,0.0,
494,Jonathan Mogbo,TOR,PF,63.0,18.0,1286.0,11.9,-1.9,0.0,1.9,0.071,0.496,-0.07991606364618659,0.5,-0.5023907266934974,False,0.0,
495,Anthony Black,ORL,PG,78.0,10.0,1887.0,11.6,-1.9,0.0,2.4,0.061,0.521,-0.08004069802119074,0.5,-0.5025641151915241,False,0.0,
496,Dillon Jones,OKC,SF,54.0,3.0,551.0,8.1,-4.0,-0.3,0.8,0.067,0.464,-0.0803740865618811,0.5,-0.503027917720543,False,0.0,
497,Colin Castleton,3TM,C,26.0,4.0,432.0,11.3,-5.0,-0.3,0.7,0.075,0.536,-0.0813623542299442,0.5,-0.5044027731455261,False,0.0,
498,Julian Phillips,CHI,SF,79.0,5.0,1123.0,10.2,-3.0,-0.3,1.9,0.08,0.571,-0.08714779156412195,0.5,-0.5124513415261785,False,0.0,
499,Keaton Wallace,ATL,PG,31.0,5.0,501.0,10.1,-2.3,0.0,0.4,0.034,0.503,-0.08812833944453385,0.5,-0.5138154573587668,False,0.0,
500,Jamison Battle,TOR,SF,59.0,10.0,1042.0,10.7,-2.3,-0.1,1.7,0.079,0.59,-0.08868616600319837,0.5,-0.5145914929361348,False,0.0,
501,Scoot Henderson,POR,PG,66.0,10.0,1759.0,12.5,-2.2,-0.1,1.8,0.049,0.54,-0.09131471041100063,0.5,-0.518248263926082,False,0.0,
502,Pelle Larsson,MIA,SG,55.0,8.0,782.0,10.2,-3.1,-0.2,1.4,0.086,0.546,-0.09144013923490694,0.5,-0.5184227576432899,False,0.0,
503,Simone Fontecchio,DET,SF,75.0,0.0,1237.0,9.7,-2.9,-0.3,1.6,0.063,0.544,-0.0918648039134813,0.5,-0.5190135414521754,False,0.0,
504,Antonio Reeves,NOP,SG,44.0,6.0,660.0,11.7,-3.2,-0.2,0.4,0.029,0.579,-0.09461901807640828,0.5,-0.5228451413373428,False,0.0,
505,Josh Green,CHO,SG,135.0,70.0,4484.5,10.174790946593824,-2.3885828966439955,-0.28909577433381656,1.5,0.07986208049949828,0.5700051287768982,-0.09536388454957695,0.5,-0.5238813825750341,True,67.0,
506,A.J. Green,MIL,SG,73.0,7.0,1659.0,9.2,-2.2,-0.1,2.8,0.082,0.621,-0.09752822256286166,0.5,-0.52689236022332,False,0.0,
507,Ben Sheppard,IND,SG,63.0,9.0,1228.0,9.2,-2.0,0.0,2.1,0.081,0.555,-0.0980344691377509,0.5,-0.5275966389044485,False,0.0,
508,Patty Mills,2TM,PG,110.0,48.0,6186.0,10.296217264791466,-1.7778370514064017,0.1844325897187197,0.1,0.05587245392822503,0.5619621726479146,-0.10340914380368954,0.5,-0.5350737636357141,True,81.0,
509,Jett Howard,ORL,SF,60.0,0.0,701.0,7.1,-5.3,-0.6,0.1,0.01,0.491,-0.10649827414004746,0.5,-0.5393712912577048,False,0.0,
510,GG Jackson II,MEM,PF,29.0,3.0,459.0,9.3,-5.3,-0.4,0.1,0.009,0.482,-0.1083137554133246,0.5,-0.5418969473711058,False,0.0,
511,Vince Williams Jr.,MEM,SG,27.0,5.0,499.0,9.2,-2.8,-0.1,0.4,0.04,0.504,-0.10924770083610308,0.5,-0.5431962309282231,False,0.0,
512,Garrett Temple,TOR,SG,87.0,16.0,2972.0,8.592362045760431,-2.5840174966352625,-0.09999999999999999,0.2,0.03669448183041723,0.487278600269179,-0.11096056312477237,0.5,-0.5455791258522688,True,59.0,
513,Dante Exum,DAL,PG,20.0,13.0,372.0,13.6,-2.3,0.0,0.6,0.083,0.589,-0.11128327694582858,0.5,-0.5460280779549573,False,0.0,
514,Brandon Miller,CHO,SF,27.0,27.0,924.0,14.0,0.0,0.4,0.4,0.023,0.54,-0.11467275126294747,0.5,-0.5507434372683555,False,0.0,
515,Johnny Juzang,UTA,SG,64.0,18.0,1270.0,11.8,-2.3,-0.1,1.6,0.06,0.573,-0.11508422367254803,0.5,-0.5513158682937264,False,0.0,
516,Dalen Terry,CHI,SG,73.0,5.0,987.0,9.6,-3.8,-0.5,1.1,0.052,0.546,-0.11527215042852001,0.5,-0.5515773077076596,False,0.0,
517,Matas Buzelis,CHI,SF,80.0,31.0,1511.0,12.5,-2.5,-0.2,1.9,0.06,0.571,-0.11928981425245629,0.5,-0.5571665899260315,False,0.0,
518,Keion Brooks Jr.,NOP,SF,14.0,6.0,332.0,12.8,-3.5,-0.1,0.4,0.057,0.581,-0.12180522483642937,0.5,-0.5606659717222742,False,0.0,
519,Kyle Kuzma,2TM,PF,131.0,128.0,7446.0,14.003975288745636,-1.422025248455547,0.3759871071716358,-0.9,0.026319634703196346,0.5384198227236101,-0.12735997734165816,0.5,-0.5683936166337177,True,66.0,
520,Elfrid Payton,2TM,PG,74.0,10.0,1883.5,8.062782054685426,-4.286779930979559,-0.308521369790284,-0.6,-0.025666047252455533,0.3815357048048846,-0.12743958788835957,0.5,-0.56850436900937,True,50.0,
521,Bennedict Mathurin,IND,SF,72.0,49.0,2149.0,13.6,-2.9,-0.5,3.0,0.068,0.579,-0.12884498533015823,0.5,-0.5704595258555928,False,0.0,
522,Reece Beekman,2TM,PG,36.0,4.0,469.0,7.5,-5.4,-0.4,0.1,0.01,0.4,-0.13061304169687965,0.5,-0.5729192055213527,False,0.0,
523,Svi Mykhailiuk,UTA,SF,94.0,18.0,2550.0,9.659607843137255,-3.0788235294117645,-0.22980392156862745,-0.1,0.033819607843137256,0.5140666666666667,-0.1322789482134813,0.5,-0.5752367766469499,True,56.0,
524,Kris Murray,POR,SF,69.0,6.0,1040.0,9.1,-3.0,-0.3,0.7,0.033,0.472,-0.1359766044294332,0.5,-0.5803808715844959,False,0.0,
525,Jaden Hardy,DAL,SG,57.0,3.0,907.0,10.4,-4.7,-0.6,-0.3,-0.016,0.549,-0.13948068221767712,0.5,-0.5852556646313755,False,0.0,
526,Micah Potter,UTA,C,41.0,10.0,782.5,9.005111821086262,-3.856549520766773,-0.2702875399361022,0.4,0.03425878594249201,0.557255591054313,-0.14152803745372292,0.5,-0.5881038985098163,True,3.0,
527,Marcus Bagley,PHI,SF,10.0,4.0,253.0,11.8,-4.3,-0.1,0.2,0.045,0.456,-0.14444649863555858,0.5,-0.5921639950991474,False,0.0,
528,Tyrese Martin,BRK,SG,60.0,11.0,1315.0,10.9,-2.6,-0.2,0.9,0.033,0.533,-0.145810138033627,0.5,-0.5940610591079593,False,0.0,
529,Dario Šarić,DEN,C,16.0,4.0,210.0,7.7,-4.8,-0.1,0.0,0.001,0.449,-0.14991888003144127,0.5,-0.5997770472031906,False,0.0,
530,Doug McDermott,SAC,SF,93.0,54.0,3399.5,11.20885424327107,-2.5704221209001323,-0.09999999999999999,0.4,0.06189939697014266,0.595414472716576,-0.1574213184504457,0.5,-0.6102142683066447,True,51.0,
531,Damion Baugh,CHO,SG,15.0,2.0,370.0,6.3,-7.1,-0.5,-0.5,-0.069,0.399,-0.1650264879404557,0.5,-0.6207944065314928,False,0.0,
532,Julian Strawther,DEN,SG,65.0,4.0,1384.0,9.5,-4.5,-0.9,1.3,0.043,0.559,-0.1759546666301792,0.5,-0.6359974393153106,False,0.0,
533,Andrew Nembhard,IND,SG,65.0,65.0,1881.0,11.7,-2.3,-0.1,2.8,0.071,0.545,-0.1761124719600931,0.5,-0.6362169744887608,False,0.0,69.0
534,Ja'Kobe Walter,TOR,SG,52.0,18.0,1103.0,10.8,-3.0,-0.3,1.2,0.052,0.523,-0.17970436128897113,0.5,-0.6412139289468838,False,0.0,
535,Kessler Edwards,DAL,SF,88.0,41.0,3075.5,8.893074296862299,-3.3255405625101613,-0.38138514062754025,1.2,0.04384994309868314,0.5320130060152821,-0.18329163099929324,0.5,-0.6462044566971034,True,48.0,
536,Ricky Council IV,PHI,SF,73.0,12.0,1250.0,11.6,-4.3,-0.7,0.6,0.023,0.502,-0.1849517417588112,0.5,-0.64851396489772,False,0.0,
537,Jaylen Wells,MEM,SG,79.0,74.0,2043.0,10.5,-2.2,-0.1,3.5,0.083,0.56,-0.18838404476812678,0.5,-0.6532889065102406,False,0.0,
538,Max Christie,2TM,SG,78.0,36.0,2127.0,10.4,-2.5,-0.3,2.7,0.06,0.57,-0.2004003161108329,0.5,-0.6700056689597971,False,0.0,
539,Tristan Da Silva,ORL,SF,74.0,38.0,1629.0,9.9,-2.6,-0.3,2.5,0.073,0.522,-0.2116974181390839,0.5,-0.6857219394723888,False,0.0,
540,Jamal Shead,TOR,PG,75.0,11.0,1467.0,9.9,-4.1,-0.8,0.8,0.027,0.499,-0.2170426160792956,0.5,-0.6931580568555583,False,0.0,
541,Patrick Williams,CHI,PF,80.0,45.0,2631.0,10.48365640440897,-2.817825921702775,-0.41930824781451914,0.4,0.04688597491448118,0.5621235271759788,-0.2247447207930878,0.5,-0.7038730491514195,True,17.0,
542,Keyonte George,UTA,PG,67.0,35.0,2109.0,12.9,-2.7,-0.3,1.1,0.024,0.539,-0.2386187904850692,0.5,-0.7231743382647204,False,0.0,
543,Tre Mann,CHO,PG,73.0,26.0,3736.5,10.464659440653017,-4.229251973772247,-0.7317007895088987,0.1,0.0034513582229359027,0.5040734644720996,-0.24816807926012557,0.5,-0.7364590908690904,True,60.0,
544,Taylor Hendricks,UTA,PF,3.0,3.0,75.0,7.1,-3.5,0.0,0.0,-0.008,0.354,-0.251848631294603,0.5,-0.7415793908597309,False,0.0,
545,Stephon Castle,SAS,SG,81.0,47.0,2162.0,13.7,-3.2,-0.6,1.1,0.025,0.522,-0.2723284855501201,0.5,-0.7700704966967198,False,0.0,66.0
546,Justin Edwards,PHI,SF,44.0,26.0,1155.0,11.3,-3.7,-0.5,0.9,0.039,0.559,-0.28219854220795726,0.5,-0.7838014942588611,False,0.0,
547,Tidjane Salaün,CHO,PF,60.0,10.0,1244.0,7.7,-5.2,-1.0,0.0,0.002,0.457,-0.28821675692644694,0.5,-0.7921738972239859,False,0.0,
548,Reggie Jackson,PHI,PG,106.0,76.0,6226.5,11.958154661527342,-3.0616718862924595,-0.5753312454830162,0.1,0.008431703204047217,0.48849337509033963,-0.29160580257892393,0.5,-0.7968886601889176,True,75.0,
549,Andre Jackson Jr.,MIL,SG,67.0,43.0,980.0,8.6,-3.4,-0.3,1.2,0.059,0.554,-0.29698305150090487,0.5,-0.804369366166438,False,0.0,
550,Noah Clowney,BRK,PF,46.0,20.0,1042.0,9.2,-4.1,-0.5,0.5,0.023,0.516,-0.3006845084265608,0.5,-0.8095187485645824,False,0.0,
551,Jordan Hawkins,NOP,SG,56.0,9.0,1321.0,9.6,-5.4,-1.2,-0.5,-0.02,0.504,-0.30212311978245354,0.5,-0.811520111850065,False,0.0,
552,Jalen Wilson,BRK,PF,79.0,22.0,2031.0,9.5,-3.9,-1.0,1.9,0.046,0.541,-0.3026166479765997,0.5,-0.8122066970101705,False,0.0,
553,DaQuan Jeffries,CHO,SG,50.0,20.0,1093.5,7.910288065843621,-4.704115226337448,-0.68559670781893,0.6,0.02848148148148148,0.5176296296296297,-0.30836960761830357,0.5,-0.8202100831662783,True,3.0,
554,Killian Hayes,BRK,PG,72.0,45.0,4279.5,9.42870662460568,-3.3902208201892745,-0.5735015772870663,0.3,0.017066246056782333,0.4647097791798107,-0.3310740419565729,0.5,-0.8517959740437162,True,66.0,
555,Ryan Dunn,PHO,SF,74.0,44.0,1410.0,10.7,-4.1,-0.7,1.0,0.034,0.517,-0.34756090096955417,0.5,-0.8747321160297766,False,0.0,
556,Keon Johnson,BRK,SG,116.0,68.0,3667.5,9.59229720518064,-4.53531015678255,-0.6475119291070212,0.5,-0.007380368098159509,0.47714451261077034,-0.3667829992342349,0.5,-0.9014734604375614,True,37.0,
557,Zaccharie Risacher,ATL,SF,75.0,73.0,1843.0,12.2,-3.5,-0.7,1.8,0.046,0.558,-0.37349808040032917,0.5,-0.9108153281002975,False,0.0,
558,KJ Simpson,CHO,PG,36.0,15.0,842.0,8.3,-5.4,-0.7,-0.4,-0.025,0.437,-0.37521467846779194,0.5,-0.9132034201545404,False,0.0,
559,AJ Johnson,2TM,SG,29.0,11.0,639.0,7.1,-8.1,-1.0,-0.4,-0.032,0.48,-0.3996523433444393,0.5,-0.9472005418001624,False,0.0,
560,Gradey Dick,TOR,SG,54.0,54.0,1587.0,10.9,-3.2,-0.5,1.4,0.042,0.543,-0.4261140080999581,0.5,-0.9840134058843542,False,0.0,
561,Vasilije Micić,2TM,PG,41.0,16.0,785.0,6.5,-7.0,-1.0,-1.0,-0.06,0.462,-0.449782063388334,0.5,-1.0169398642352558,False,0.0,
562,Jalen Suggs,ORL,PG,83.0,80.0,4269.5,9.96118983487528,-4.191872584611781,-0.7775617753835344,1.1,-0.03371495491275324,0.474009720107741,-0.47765526243424034,0.5,-1.0557164226093685,True,48.0,65.0
563,Alex Sarr,WAS,C,67.0,67.0,1814.0,12.9,-3.3,-0.6,-0.3,-0.007,0.482,-0.5022819796258025,0.5,-1.089976549520837,False,0.0,86.0
564,Kyshawn George,WAS,SG,68.0,38.0,1802.0,8.8,-4.1,-0.9,0.1,0.003,0.503,-0.5078142570299945,0.5,-1.097672927584658,False,0.0,
565,Nick Smith Jr.,CHO,SG,60.0,27.0,1369.0,8.3,-5.7,-1.3,-0.5,-0.019,0.502,-0.5230877517838387,0.5,-1.1189210649055201,False,0.0,
566,Bilal Coulibaly,WAS,SF,59.0,59.0,1948.0,10.8,-3.7,-0.8,0.3,0.008,0.515,-0.6064510450064363,0.5,-1.2348941758706597,False,0.0,
567,Cody Williams,UTA,SG,50.0,21.0,1060.0,3.7,-7.3,-1.4,-1.2,-0.053,0.419,-0.6353947262488099,0.5,-1.2751599646453229,False,0.0,
568,Isaiah Collier,UTA,PG,71.0,46.0,1839.0,9.7,-5.3,-1.6,-0.8,-0.021,0.494,-0.6748574943169705,0.5,-1.3300596669392308,False,0.0,
569,Bub Carrington,WAS,PG,82.0,57.0,2458.0,9.0,-4.6,-1.6,0.2,0.005,0.514,-0.7367423449699556,0.5,-1.416152458795182,False,0.0,
570,League Average,,,,,,,,,,,,,0.5,,True,,
