rank,Player,Team,Pos,Age,G,GS,MP,final_score,composite_score,playing_time_factor,elo_rating,h2h_win_rate,PER,BPM,VORP,WS/48,TS%,trajectory,ringer_rank
1,Victor Wembanyama,SAS,C,22.0,12.0,12.0,416.0,20.855302084036133,1.288992910652532,0.7392,2068.7353704647885,0.9896,25.7,6.4,0.9,0.196,0.609,1.2999999999999985,5.0
2,Shai Gilgeous-Alexander,OKC,PG,27.0,18.0,18.0,595.0,20.2990001377179,3.6365852494523256,0.96,1940.425876872746,0.9130799999999999,33.5,13.6,2.3,0.388,0.671,2.6,2.0
3,Paul Reed,DET,C,26.0,14.0,2.0,168.0,19.949528239888938,0.4622667790880445,0.3,2082.2351210873767,0.9632133333333331,25.7,6.0,0.3,0.249,0.72,0.2899999999999997,
4,Giannis Antetokounmpo,MIL,PF,31.0,13.0,13.0,414.0,19.8826453771736,2.1945301941197433,0.7567999999999999,1961.5712836815683,0.9285066666666667,34.7,11.3,1.4,0.271,0.662,-0.45999999999999946,3.0
5,Nikola Jokić,DEN,C,30.0,17.0,17.0,592.0,19.419136877266652,4.472642337897232,0.94,1878.3426090332391,0.85984,36.7,18.2,3.0,0.412,0.729,-0.1000000000000006,
6,Luka Dončić,LAL,PG,26.0,12.0,12.0,445.0,18.88361703282677,1.8135073410697757,0.774,1907.3461274236818,0.8865333333333333,28.4,9.4,1.3,0.222,0.612,-0.35000000000000037,
7,Scottie Barnes,TOR,PF,24.0,18.0,18.0,593.0,18.83137383003519,1.2746971363511466,0.96,1919.2641806917013,0.8917333333333333,20.7,4.6,1.0,0.168,0.589,0.7799999999999998,31.0
8,Isaiah Stewart,DET,C,24.0,14.0,5.0,320.0,18.72624616740555,0.2095561525182206,0.484,2022.2444559925348,0.9056533333333334,16.8,1.1,0.2,0.157,0.614,1.1499999999999997,
9,Robert Williams,POR,C,28.0,11.0,0.0,144.0,18.64237517845424,0.2572666744408157,0.3,2009.5793229053309,0.9060533333333335,21.4,3.8,0.2,0.189,0.657,-1.0099999999999996,
10,Kristaps Porziņģis,ATL,C,30.0,11.0,11.0,295.0,18.59053524617888,0.7045638995960479,0.5740000000000001,1934.4700843162589,0.8920666666666667,22.2,5.0,0.5,0.203,0.607,0.3200000000000002,
11,Alex Sarr,WAS,C,20.0,14.0,14.0,404.0,18.46827693830453,0.33386156374545795,0.7647999999999999,1971.7099120272055,0.8937333333333332,20.5,1.5,0.4,0.055,0.564,0.0,86.0
12,Branden Carlson,OKC,C,26.0,13.0,0.0,109.0,17.985146088630653,0.0739027958070588,0.3,2013.0784441764172,0.8742933333333334,16.0,0.0,0.1,0.173,0.567,0.0,
13,Anthony Edwards,MIN,SG,24.0,13.0,13.0,420.0,17.745369218646264,1.112004177263462,0.764,1861.2894903180504,0.8404133333333333,23.8,5.7,0.8,0.173,0.609,1.1599999999999997,6.0
14,Chet Holmgren,OKC,PF,23.0,14.0,14.0,412.0,17.59182005848814,0.8048323517885406,0.7744,1864.6590761688096,0.8442400000000001,19.9,2.8,0.5,0.198,0.663,-1.0000000000000002,27.0
15,Stephen Curry,GSW,PG,37.0,15.0,15.0,464.0,17.266663146952833,1.4208005545594729,0.8568,1830.6125362673654,0.8137599999999998,24.1,6.5,1.0,0.162,0.648,-0.08000000000000015,7.0
16,Derrick White,BOS,SG,31.0,17.0,17.0,562.0,17.01403249496697,0.2844199062771299,0.94,1875.9908533833468,0.8208266666666668,14.9,1.6,0.5,0.089,0.474,0.9199999999999998,45.0
17,Tyrese Maxey,PHI,PG,25.0,16.0,16.0,647.0,16.96123774679348,1.8795517607108658,0.92,1804.2158964677085,0.7877466666666666,24.4,7.3,1.5,0.207,0.615,0.6699999999999999,15.0
18,Goga Bitadze,ORL,C,26.0,17.0,0.0,285.0,16.758229551842177,0.48466036174870497,0.34199999999999997,1834.2803163258527,0.8038933333333332,20.5,5.2,0.5,0.24,0.778,1.1699999999999997,
19,Myles Turner,MIL,C,29.0,18.0,18.0,540.0,16.6961827181324,0.09501378297603051,0.96,1914.1880211799448,0.8116266666666666,14.4,-0.1,0.3,0.084,0.579,-0.4199999999999997,68.0
20,Kel'el Ware,MIA,C,21.0,18.0,14.0,449.0,16.586578064671002,0.7203798882262993,0.8188,1814.9690402020756,0.7937466666666665,20.4,2.4,0.5,0.201,0.611,0.0,
21,Ryan Kalkbrenner,CHO,C,24.0,15.0,15.0,382.0,16.46840704676936,0.4491826289131551,0.7584,1828.2885508746979,0.7931066666666667,18.6,0.5,0.2,0.147,0.814,0.0,
22,Evan Mobley,CLE,PF,24.0,18.0,18.0,615.0,16.28042764591673,0.6048032526063317,0.96,1802.1700494608567,0.7776,17.6,1.9,0.6,0.114,0.572,1.32,16.0
23,Cade Cunningham,DET,PG,24.0,14.0,14.0,509.0,16.12545893379315,0.9372180492592396,0.8799999999999999,1785.7359175262145,0.7623200000000002,21.3,3.9,0.7,0.158,0.545,1.7499999999999998,10.0
24,Jonas Valančiūnas,DEN,C,33.0,17.0,0.0,213.0,16.0481349433251,0.122072742033849,0.3,1863.4536279066815,0.7788,21.4,-0.7,0.1,0.167,0.606,-0.2300000000000001,
25,Daniel Gafford,DAL,C,27.0,13.0,12.0,312.0,15.982554148476465,0.3445259956957964,0.6144000000000001,1804.6160722777747,0.7691333333333333,17.7,0.8,0.2,0.178,0.667,0.8199999999999998,
26,Neemias Queta,BOS,C,26.0,17.0,17.0,402.0,15.793403919551633,0.6175498340124843,0.8224,1775.502796914159,0.75208,19.7,1.5,0.4,0.202,0.633,1.8100000000000003,
27,Mikal Bridges,NYK,SF,29.0,16.0,16.0,563.0,15.614469909348534,1.3008978556805344,0.92,1758.1890017556664,0.7362933333333332,18.7,5.5,1.1,0.186,0.629,-0.84,56.0
28,Donovan Mitchell,CLE,SG,29.0,17.0,17.0,578.0,15.594985171410332,1.814632046491587,0.94,1745.5672263444078,0.7236666666666667,24.4,7.1,1.3,0.19,0.643,-0.22999999999999998,8.0
29,Jalen Duren,DET,C,22.0,15.0,15.0,434.0,15.465974672489859,1.3374229035268168,0.8208,1748.1664760534313,0.7212799999999999,27.1,4.1,0.7,0.273,0.714,1.9499999999999993,43.0
30,Jalen Suggs,ORL,PG,24.0,13.0,13.0,311.0,15.293581373786742,0.6512073098596296,0.6332,1753.279070755251,0.7262,19.3,3.8,0.5,0.152,0.68,2.0,65.0
31,Donovan Clingan,POR,C,21.0,18.0,18.0,457.0,15.248145541471892,0.5433302556759583,0.9084000000000001,1758.343310863609,0.7310266666666666,20.0,1.4,0.4,0.18,0.584,0.0,
32,Naz Reid,MIN,C,26.0,17.0,0.0,416.0,14.895915257148742,0.1280908494337105,0.4992,1789.9096458939525,0.7200266666666667,16.0,0.4,0.3,0.108,0.56,0.5300000000000001,76.0
33,Alperen Şengün,HOU,C,23.0,15.0,15.0,551.0,14.876654699302646,1.3127836688502532,0.9,1722.1767075537625,0.69256,21.3,5.8,1.0,0.187,0.576,1.9700000000000002,
34,Karl-Anthony Towns,NYK,C,30.0,16.0,16.0,535.0,14.766728314238636,0.8671395971052535,0.92,1733.3106088422787,0.7019466666666667,21.5,2.4,0.6,0.176,0.589,-0.47000000000000003,21.0
35,Jaylen Brown,BOS,SF,29.0,17.0,17.0,551.0,14.663179173614843,0.930808906902974,0.94,1725.8097608013568,0.6961333333333335,22.1,2.8,0.7,0.124,0.59,-0.6900000000000002,13.0
36,James Harden,LAC,PG,36.0,16.0,16.0,568.0,14.59146918963121,1.6745645463479488,0.92,1707.0430189658443,0.6762666666666667,25.0,6.7,1.2,0.186,0.643,-0.04000000000000008,22.0
37,Clint Capela,HOU,C,31.0,14.0,0.0,139.0,14.51685660214926,0.18555463162703165,0.3,1763.434640707639,0.7043333333333333,20.9,1.7,0.1,0.222,0.632,-1.1099999999999999,
38,Nic Claxton,BRK,C,26.0,17.0,17.0,504.0,14.260940250658692,0.7635658961319515,0.94,1712.4881094539069,0.6783466666666667,20.2,2.5,0.6,0.145,0.606,-0.21999999999999975,
39,Ausar Thompson,DET,SF,23.0,13.0,12.0,373.0,14.12010847642466,0.24302101153410285,0.6876,1725.2860220472153,0.6712666666666667,15.8,1.4,0.3,0.128,0.537,3.9,70.0
40,Nae'Qwan Tomlin,CLE,PF,25.0,10.0,1.0,161.0,14.10127927113763,0.052472094538787685,0.3,1797.8161428090518,0.68304,15.5,-0.2,0.1,0.152,0.582,0.0,
41,Jarrett Allen,CLE,C,27.0,14.0,14.0,364.0,14.005821221229617,0.5707023890999885,0.7167999999999999,1705.886852526947,0.6686,20.8,1.9,0.4,0.177,0.627,0.14999999999999963,59.0
42,Mark Williams,PHO,C,24.0,15.0,12.0,381.0,13.985073135855735,0.6011935862685095,0.6972,1703.4101486356915,0.6631066666666667,21.5,1.6,0.3,0.229,0.68,1.6999999999999995,
43,Ajay Mitchell,OKC,SG,23.0,18.0,5.0,499.0,13.940403774925969,0.45089282723227175,0.6988,1711.0570458559635,0.66804,17.7,1.6,0.4,0.165,0.565,0.0,83.0
44,OG Anunoby,NYK,PF,28.0,12.0,12.0,373.0,13.694725707080856,0.3649860381531644,0.6876,1703.134107798241,0.6576666666666666,16.3,2.2,0.4,0.118,0.601,-0.04000000000000004,42.0
45,Reed Sheppard,HOU,PG,21.0,15.0,1.0,362.0,13.655531913730448,0.6121074275203232,0.45439999999999997,1692.6668973813673,0.6507866666666666,18.8,6.2,0.7,0.203,0.638,0.0,
46,Paolo Banchero,ORL,PF,23.0,12.0,12.0,393.0,13.654644489304928,0.5254266812595291,0.7116,1691.4592148619129,0.64624,19.0,2.5,0.5,0.125,0.573,2.4999999999999996,28.0
47,Alex Caruso,OKC,SG,31.0,13.0,0.0,237.0,13.626844662842023,0.17202796875491058,0.3,1718.429180028823,0.6546533333333333,14.3,3.3,0.3,0.165,0.539,1.2799999999999998,63.0
48,Derrick Jones Jr.,LAC,SF,28.0,13.0,13.0,324.0,13.612563643423583,0.12116719055993126,0.6488,1739.7004308554708,0.6577333333333333,14.7,0.4,0.2,0.101,0.652,0.07000000000000002,
49,Dillon Brooks,PHO,SF,30.0,12.0,12.0,369.0,13.419430251690171,0.15632973280332615,0.6828,1713.4215367235915,0.64748,16.7,0.0,0.2,0.097,0.575,0.14999999999999966,78.0
50,Santi Aldama,MEM,PF,25.0,18.0,2.0,479.0,13.275934470769561,0.30789792457190635,0.6148,1685.0370040319815,0.63148,16.9,2.3,0.5,0.094,0.545,2.5999999999999996,
51,Jalen Johnson,ATL,SF,24.0,16.0,16.0,546.0,12.98263193114096,1.5512690474789868,0.92,1648.2470520687057,0.5936266666666666,23.3,5.8,1.1,0.197,0.646,2.1000000000000005,23.0
52,Nickeil Alexander-Walker,ATL,SG,27.0,16.0,13.0,509.0,12.843748178506832,0.19454917507516029,0.86,1682.2650363290097,0.61652,16.0,0.0,0.3,0.095,0.598,0.8600000000000001,
53,Isaiah Hartenstein,OKC,C,27.0,18.0,18.0,500.0,12.801726036159465,1.3851476323995624,0.96,1649.8584994270386,0.5931599999999999,21.2,4.0,0.8,0.253,0.685,-0.010000000000000325,62.0
54,Jaden McDaniels,MIN,PF,25.0,16.0,16.0,513.0,12.756593951797191,0.2930480061767682,0.92,1669.4632113992084,0.6106666666666667,15.6,0.1,0.3,0.123,0.628,0.73,50.0
55,Bam Adebayo,MIA,C,28.0,12.0,12.0,363.0,12.594119837773642,0.41621479405773626,0.6756,1661.716800645206,0.60312,17.7,2.5,0.4,0.125,0.568,-0.45000000000000007,30.0
56,Peyton Watson,DEN,SF,23.0,17.0,7.0,435.0,12.575402261311497,0.05543616447425785,0.662,1714.1191236648112,0.6064133333333335,13.4,-0.2,0.2,0.107,0.605,0.5000000000000001,
57,Moussa Diabaté,CHO,C,24.0,17.0,1.0,394.0,12.551416683862707,0.366795928427455,0.4928,1656.2784821073915,0.5997866666666666,21.7,1.2,0.3,0.208,0.688,0.4500000000000012,
58,Brandon Ingram,TOR,SF,28.0,18.0,18.0,602.0,12.502887766812881,0.2481681722401422,0.96,1667.8021339292548,0.6025733333333333,16.7,0.0,0.3,0.09,0.585,-0.7399999999999999,55.0
59,LaMelo Ball,CHO,PG,24.0,10.0,10.0,307.0,12.267352076356628,0.1611352290723984,0.5684,1667.7056488328715,0.5906133333333332,19.4,0.9,0.2,0.088,0.519,0.030000000000000224,49.0
60,Stephon Castle,SAS,PG,21.0,13.0,13.0,416.0,12.231408124087464,0.3197726393331962,0.7592,1649.2817215179357,0.5859333333333333,17.5,0.8,0.3,0.121,0.585,0.0,66.0
61,Pascal Siakam,IND,PF,31.0,16.0,16.0,562.0,12.203317160574596,0.6172749342262311,0.92,1643.7450866461504,0.5802933333333333,19.2,2.5,0.6,0.091,0.565,-0.6599999999999999,25.0
62,Craig Porter Jr.,CLE,PG,25.0,17.0,0.0,295.0,12.187539162295428,0.26367033972427045,0.354,1648.3043988816505,0.5833733333333333,16.1,3.9,0.4,0.156,0.617,0.5999999999999999,
63,Jimmy Butler,GSW,SF,36.0,17.0,17.0,532.0,12.128440537046185,1.7397675549194114,0.94,1623.5722074789303,0.55476,24.5,6.1,1.1,0.263,0.662,-0.8299999999999997,24.0
64,Jalen Smith,CHI,C,25.0,17.0,0.0,290.0,12.09417581144434,0.13918902224136825,0.348,1660.8580109191043,0.5803733333333333,19.2,1.0,0.2,0.125,0.608,0.8699999999999997,
65,Deni Avdija,POR,SF,25.0,18.0,18.0,605.0,12.024561421808032,0.9523383200550208,0.96,1628.1118305115265,0.5599866666666666,19.6,3.3,0.8,0.134,0.612,1.2799999999999998,40.0
66,Norman Powell,MIA,SG,32.0,14.0,14.0,427.0,12.010869026867288,1.1113668851634106,0.7924,1624.09545486539,0.5582933333333333,21.4,5.2,0.8,0.183,0.658,0.42999999999999994,
67,Onyeka Okongwu,ATL,C,25.0,17.0,7.0,504.0,11.98586603848172,0.34017090366643277,0.74,1638.9900443506344,0.5732933333333333,17.3,0.6,0.3,0.143,0.635,0.029999999999999954,87.0
68,Kevin Durant,HOU,SF,37.0,14.0,14.0,505.0,11.9668154548967,0.5415796149241087,0.8799999999999999,1638.0726096873907,0.5721733333333333,18.0,1.3,0.4,0.155,0.608,-1.51,11.0
69,Lauri Markkanen,UTA,PF,28.0,17.0,17.0,605.0,11.893360191139584,1.081499616946679,0.94,1622.8300472610515,0.55468,21.8,3.8,0.9,0.152,0.612,-0.22999999999999934,26.0
70,Devin Booker,PHO,SG,29.0,18.0,18.0,640.0,11.819089202745655,0.6070635920127321,0.96,1626.9875683166968,0.5629066666666667,19.3,1.1,0.5,0.134,0.592,-1.2299999999999995,12.0
71,Marvin Bagley III,WAS,PF,26.0,14.0,1.0,221.0,11.679061601053355,0.1107920324671667,0.3,1657.1919488563797,0.5614533333333332,19.4,0.5,0.1,0.123,0.676,0.38000000000000006,
72,Ryan Dunn,PHO,SF,23.0,16.0,11.0,385.0,11.196831344043204,0.0805250032786003,0.6819999999999999,1639.23432599327,0.5391066666666666,13.8,0.4,0.2,0.121,0.56,0.0,
73,Austin Reaves,LAL,SG,27.0,13.0,13.0,473.0,11.059309816182452,1.1457689092947987,0.8276,1590.438224848001,0.50872,23.1,4.4,0.8,0.2,0.641,1.1099999999999999,32.0
74,Dru Smith,MIA,SG,28.0,18.0,0.0,306.0,10.931288960921142,0.2141497280111987,0.36719999999999997,1603.2674416428576,0.5198266666666665,14.9,3.1,0.4,0.135,0.558,1.5,
75,Ryan Rollins,MIL,PG,23.0,18.0,17.0,569.0,10.907604170638004,0.3643213905357186,0.94,1587.0383475302071,0.5014533333333333,17.7,0.6,0.4,0.098,0.597,7.250000000000001,82.0
76,Karlo Matković,NOP,PF,24.0,12.0,0.0,137.0,10.876066106068393,0.12832846214266047,0.3,1619.148805191399,0.5223466666666667,17.8,1.2,0.1,0.126,0.728,0.0,
77,Quinten Post,GSW,PF,25.0,19.0,8.0,297.0,10.835256231981365,0.04414779989219045,0.5164,1642.2733372478126,0.52172,13.6,0.3,0.2,0.094,0.578,0.0,
78,Julius Randle,MIN,PF,31.0,17.0,17.0,569.0,10.657006889496056,1.4323287250614039,0.94,1577.1802834492694,0.4856533333333332,23.0,4.8,1.0,0.209,0.632,0.06000000000000025,33.0
79,Pat Spencer,GSW,PG,29.0,11.0,0.0,145.0,10.565123530907403,-0.062191172731492675,0.3,,,13.7,-0.8,0.0,0.093,0.474,4.800000000000002,
80,Brice Sensabaugh,UTA,SF,22.0,16.0,0.0,242.0,10.514723581641874,-0.12569104589531435,0.3,,,13.2,-2.7,0.0,0.045,0.567,4.299999999999999,
81,Vince Williams Jr.,MEM,SG,25.0,13.0,5.0,275.0,10.494070487397364,0.0039262184934082366,0.43000000000000005,,,13.0,1.1,0.2,0.052,0.506,2.850000000000002,
82,Jaylin Williams,OKC,PF,23.0,17.0,1.0,314.0,10.488314394851411,-0.02921401287147371,0.3968,,,10.6,-0.1,0.2,0.117,0.496,2.9999999999999996,
83,Tyrese Martin,BRK,SG,26.0,17.0,2.0,364.0,10.480568553831043,-0.27357861542239104,0.4768,,,12.0,-2.2,0.0,0.014,0.508,4.800000000000001,
84,Jay Huff,IND,C,27.0,17.0,2.0,273.0,10.437342590657543,-0.15664352335614243,0.36760000000000004,,,12.5,-2.0,0.0,0.039,0.507,3.0000000000000004,
85,Jake LaRavia,LAL,PF,24.0,16.0,6.0,441.0,10.436771058286629,-0.014322354283424269,0.6492,,,12.8,-0.6,0.2,0.102,0.577,1.8499999999999996,
86,Dyson Daniels,ATL,SG,22.0,18.0,18.0,594.0,10.434303650459592,0.004509126148982769,0.96,,,13.2,-0.3,0.3,0.09,0.514,1.6500000000000001,73.0
87,Day'Ron Sharpe,BRK,C,24.0,16.0,0.0,258.0,10.434016163073087,0.042540407682716136,0.3096,,,17.1,-0.8,0.1,0.079,0.667,1.3399999999999996,
88,Brandon Williams,DAL,PG,26.0,17.0,9.0,373.0,10.42115582055723,-0.24086044860692682,0.6276,,,13.2,-2.0,0.0,0.027,0.492,3.349999999999999,
89,Gradey Dick,TOR,SG,22.0,18.0,0.0,299.0,10.419265675356248,-0.10183581160937931,0.35879999999999995,,,11.8,-1.8,0.0,0.097,0.565,2.1999999999999997,
90,Jeremy Sochan,SAS,PF,22.0,10.0,0.0,175.0,10.41346020118129,-0.01634949704677963,0.3,,,12.6,-1.3,0.0,0.123,0.642,1.4000000000000008,
91,Julian Phillips,CHI,SF,22.0,16.0,0.0,132.0,10.401429801112691,-0.1589254972182732,0.3,,,10.6,-2.4,0.0,0.067,0.516,2.3000000000000003,
92,Caris LeVert,DET,SG,31.0,12.0,0.0,234.0,10.395479685776353,0.029949214440882447,0.3,,,14.8,0.1,0.1,0.104,0.607,0.6700000000000002,
93,Daniss Jenkins,DET,PG,24.0,12.0,4.0,240.0,10.39100388765394,0.1842170870605177,0.368,1593.0730835559905,0.49728,18.3,1.6,0.2,0.149,0.602,0.0,
94,Brandin Podziemski,GSW,SG,22.0,19.0,8.0,534.0,10.377909410487613,-0.030226473780967815,0.76,,,12.9,-0.8,0.2,0.096,0.565,0.7999999999999997,
95,Nikola Jović,MIA,PF,22.0,14.0,1.0,299.0,10.377301517228855,-0.16299620692786287,0.37879999999999997,,,10.3,-2.0,0.0,0.053,0.524,1.8499999999999996,
96,Shaedon Sharpe,POR,SG,22.0,14.0,14.0,400.0,10.375920331350521,-0.060199171623698554,0.76,,,16.9,-1.0,0.1,0.037,0.535,1.0000000000000002,
97,Julian Champagnie,SAS,SF,24.0,16.0,11.0,442.0,10.374535938526398,-0.06366015368400894,0.7504,,,11.4,-0.6,0.2,0.092,0.585,0.9999999999999996,
98,Duncan Robinson,DET,SF,31.0,17.0,17.0,544.0,10.369336883855102,0.03834220963775732,0.94,,,11.4,-0.4,0.2,0.127,0.632,0.07999999999999972,
99,Bones Hyland,MIN,PG,25.0,13.0,0.0,118.0,10.366360563603944,-0.04034859099013905,0.3,,,13.1,-1.5,0.0,0.106,0.596,0.6499999999999998,
100,Miles McBride,NYK,SG,25.0,13.0,4.0,318.0,10.364948560356218,-0.1588785991094543,0.4616,,,11.0,-1.4,0.1,0.07,0.518,1.5700000000000003,
101,Jabari Walker,PHI,PF,23.0,16.0,5.0,196.0,10.364089319905952,-0.29602670023511984,0.3352,,,8.9,-4.8,-0.1,0.066,0.499,2.65,
102,Olivier-Maxence Prosper,MEM,PF,23.0,11.0,0.0,111.0,10.361415190941893,-0.07146202264526733,0.3,,,14.4,-2.9,0.0,0.121,0.602,0.8000000000000003,
103,Domantas Sabonis,SAC,C,29.0,11.0,11.0,365.0,10.3600628954365,-0.024842761408752346,0.658,,,17.4,-1.2,0.1,0.071,0.564,0.4,38.0
104,Christian Braun,DEN,SG,24.0,11.0,11.0,325.0,10.358213771996617,-0.14821557000846033,0.6100000000000001,,,12.7,-1.7,0.0,0.108,0.569,1.3499999999999999,91.0
105,Rui Hachimura,LAL,PF,27.0,15.0,15.0,504.0,10.358150362274923,-0.022124094312692518,0.9,,,13.0,-1.0,0.1,0.108,0.67,0.3399999999999999,
106,Tony Bradley,IND,C,28.0,17.0,3.0,219.0,10.356154232133667,-0.17211441966583096,0.3228,,,12.9,-4.5,-0.1,0.102,0.608,1.5000000000000009,
107,Moses Moody,GSW,SG,23.0,17.0,9.0,438.0,10.35606261787296,-0.07609345531760206,0.7056,,,12.7,-0.9,0.1,0.081,0.595,0.7300000000000001,
108,Kobe Brown,LAC,PF,26.0,10.0,0.0,87.0,10.354533606179556,-0.2011659845511111,0.3,,,9.9,-3.1,0.0,0.022,0.568,1.7,
109,Gary Harris,MIL,SG,31.0,11.0,0.0,125.0,10.353463157004485,0.026157892511214382,0.3,,,11.2,0.3,0.1,0.11,0.669,-0.13999999999999976,
110,Jordan Walsh,BOS,PF,21.0,13.0,5.0,232.0,10.350255382804653,0.013138457011634502,0.37839999999999996,,,13.0,-0.3,0.1,0.14,0.587,-0.09999999999999927,
111,Tristan Vukcevic,WAS,C,22.0,13.0,1.0,116.0,10.345657632757963,-0.3983559181050939,0.3,,,9.6,-7.1,-0.2,-0.081,0.497,3.1,
112,Asa Newell,ATL,PF,20.0,11.0,0.0,89.0,10.34496740408411,-0.012581489789724877,0.3,,,15.8,-2.2,0.0,0.133,0.636,0.0,
113,John Konchar,MEM,SG,29.0,16.0,0.0,199.0,10.343167049925091,-0.013332375187271244,0.3,,,11.5,0.9,0.1,0.094,0.531,-0.030000000000000096,
114,Derik Queen,NOP,C,21.0,18.0,6.0,428.0,10.341517895201802,-0.021205261995493833,0.6335999999999999,,,17.2,-0.8,0.1,0.05,0.549,0.0,
115,Isaiah Jackson,IND,C,24.0,17.0,13.0,326.0,10.340850471503886,-0.14412382124028555,0.6512,,,15.8,-2.9,-0.1,0.115,0.619,0.9700000000000001,
116,Mouhamed Gueye,ATL,PF,23.0,18.0,2.0,300.0,10.34028984170712,-0.13677539573220085,0.4,,,12.3,-2.2,0.0,0.088,0.55,0.9,
117,Luke Kennard,ATL,SG,29.0,15.0,0.0,332.0,10.339865114786877,-0.03783721303281013,0.39840000000000003,,,11.8,-1.1,0.1,0.098,0.646,0.10000000000000002,
118,Justin Champagnie,WAS,SF,24.0,14.0,3.0,142.0,10.33754950059605,-0.16362624850987717,0.3,,,13.6,-3.3,0.0,0.083,0.489,1.0599999999999994,
119,Andrew Wiggins,MIA,SF,30.0,15.0,15.0,496.0,10.337095318558685,-0.02601170360328765,0.8952,,,13.0,-0.3,0.2,0.07,0.56,-0.05000000000000018,93.0
120,Kevin Huerter,CHI,SF,27.0,16.0,5.0,395.0,10.336551981023236,0.018879952558090572,0.574,,,14.5,-0.3,0.2,0.07,0.589,-0.41999999999999976,
121,Keon Ellis,SAC,SG,26.0,17.0,2.0,295.0,10.332538627848875,-0.0811534303778163,0.394,,,10.8,-0.7,0.1,0.051,0.6,0.29999999999999966,
122,Tim Hardaway Jr.,DEN,SG,33.0,17.0,1.0,404.0,10.331518274231815,0.03879568557954039,0.5048,,,13.1,-0.2,0.2,0.129,0.612,-0.6800000000000004,
123,Andrew Nembhard,IND,PG,26.0,10.0,10.0,303.0,10.330473338001914,-0.10506665499521732,0.5636,,,15.2,-1.4,0.1,0.062,0.553,0.45000000000000057,69.0
124,Ja'Kobe Walter,TOR,SG,21.0,15.0,1.0,204.0,10.330133366505834,-0.04966658373541696,0.3,,,10.0,-0.9,0.1,0.085,0.597,0.0,
125,Collin Murray-Boyles,TOR,PF,20.0,13.0,3.0,248.0,10.328846946544516,-0.05288263363871065,0.3576,,,12.6,-1.3,0.0,0.109,0.611,0.0,
126,Anthony Black,ORL,PG,22.0,18.0,4.0,488.0,10.328803664989698,-0.19049083752575524,0.6656,,,12.0,-1.6,0.0,0.06,0.559,1.1,
127,Jase Richardson,ORL,SG,20.0,10.0,0.0,58.0,10.328391394411502,-0.05402151397124478,0.3,,,12.5,-1.2,0.0,0.102,0.621,0.0,
128,Malik Monk,SAC,SG,27.0,15.0,0.0,360.0,10.324580452260896,-0.05604886934775701,0.432,,,14.4,-0.5,0.1,0.045,0.574,-0.0599999999999999,
129,Gary Payton II,GSW,SG,33.0,18.0,1.0,205.0,10.322414815887168,0.009787039717916031,0.3,,,13.7,0.3,0.1,0.123,0.519,-0.6300000000000004,
130,Mike Conley,MIN,PG,38.0,17.0,5.0,348.0,10.321630017578636,-0.030924956053410776,0.5176,,,11.4,-0.7,0.1,0.128,0.61,-0.32000000000000023,
131,Brooks Barnhizer,OKC,SG,23.0,15.0,0.0,112.0,10.321622665342693,-0.07094333664326889,0.3,,,9.3,-1.2,0.0,0.147,0.56,0.0,
132,Ousmane Dieng,OKC,C,22.0,14.0,0.0,154.0,10.31583550283565,-0.2541612429108744,0.3,,,6.9,-3.8,-0.1,0.061,0.469,1.3499999999999996,
133,Dwight Powell,DAL,C,34.0,14.0,0.0,128.0,10.313208170968402,-0.06947957257899336,0.3,,,9.9,-3.3,0.0,0.151,0.678,-0.1800000000000003,
134,Kelly Oubre Jr.,PHI,SF,30.0,12.0,12.0,418.0,10.31301319869494,-0.043717003262649094,0.7415999999999999,,,13.7,-1.0,0.1,0.093,0.606,-0.38999999999999996,
135,Cam Christie,LAC,SG,20.0,12.0,0.0,140.0,10.312987421242758,-0.09253144689310523,0.3,,,13.6,-1.8,0.0,0.07,0.553,0.0,
136,Keaton Wallace,ATL,PG,26.0,16.0,2.0,251.0,10.312208972593542,-0.09447756851614693,0.34119999999999995,,,11.4,-1.6,0.0,0.082,0.579,0.0,
137,Dean Wade,CLE,PF,29.0,17.0,2.0,381.0,10.308240825958103,-0.14814793510474022,0.4972,,,9.4,-0.6,0.1,0.093,0.5,0.3499999999999999,
138,Rayan Rupert,POR,SG,21.0,11.0,0.0,87.0,10.307362736593708,-0.3565931585157304,0.3,,,6.2,-6.0,-0.1,0.002,0.461,2.0000000000000004,
139,Collin Sexton,CHO,SG,27.0,16.0,10.0,426.0,10.305720332349937,-0.28194916912516005,0.7112,,,14.6,-3.2,-0.1,0.062,0.599,1.37,
140,Drake Powell,BRK,SG,20.0,11.0,0.0,208.0,10.304165264926498,-0.114586837683756,0.3,,,11.5,-2.6,0.0,0.047,0.626,0.0,
141,Moussa Cisse,DAL,C,23.0,15.0,1.0,157.0,10.302508289208443,-0.11872927697889296,0.3,,,13.5,-3.7,-0.1,0.088,0.583,0.0,
142,Precious Achiuwa,SAC,C,26.0,11.0,6.0,225.0,10.302362428859524,-0.15659392785118897,0.39,,,12.9,-2.3,0.0,0.063,0.569,0.30000000000000004,
143,Bobby Portis,MIL,PF,30.0,18.0,2.0,392.0,10.3022507814749,-0.10062304631274845,0.5104,,,15.4,-1.9,0.0,0.076,0.606,-0.15000000000000002,
144,Chaz Lanier,DET,SG,24.0,12.0,0.0,130.0,10.300319367462548,-0.12420158134362974,0.3,,,10.3,-1.6,0.0,0.105,0.52,0.0,
145,Aaron Nesmith,IND,SF,26.0,11.0,11.0,335.0,10.299694565272999,-0.2995135868175027,0.6220000000000001,,,12.1,-2.2,0.0,0.048,0.518,1.39,
146,Cam Whitmore,WAS,SF,21.0,16.0,0.0,275.0,10.299632715492631,-0.15091821126842198,0.33,,,15.1,-2.7,-0.1,0.017,0.58,0.19999999999999996,
147,Desmond Bane,ORL,SG,27.0,18.0,18.0,586.0,10.297394636349607,-0.14151340912598412,0.96,,,13.9,-1.4,0.1,0.084,0.552,0.0799999999999997,53.0
148,Jaylen Clark,MIN,SG,24.0,15.0,0.0,237.0,10.297377895862999,-0.13155526034250226,0.3,,,10.3,-2.4,0.0,0.103,0.517,0.0,
149,Kevin Love,UTA,PF,37.0,10.0,0.0,139.0,10.290418346935272,-0.032704132661819874,0.3,,,12.6,-0.2,0.1,0.072,0.578,-0.9300000000000003,
150,Jordan Clarkson,NYK,SG,33.0,16.0,0.0,307.0,10.290319583810774,-0.0767010404730664,0.3684,,,13.8,-2.0,0.0,0.094,0.601,-0.5800000000000003,
151,Dalton Knecht,LAL,SF,24.0,14.0,1.0,249.0,10.289746889599332,-0.15063277600166872,0.31880000000000003,,,10.7,-2.4,0.0,0.06,0.563,0.0,
152,Justin Edwards,PHI,SF,22.0,14.0,4.0,241.0,10.284648700086475,-0.16337824978381382,0.3692,,,10.3,-2.2,0.0,0.069,0.556,0.0,
153,Kyshawn George,WAS,SF,22.0,15.0,15.0,474.0,10.28359766387528,-0.16600584031179963,0.8688,,,14.3,-1.3,0.1,0.019,0.608,0.0,
154,Brook Lopez,LAC,C,37.0,17.0,0.0,245.0,10.282746971005839,-0.23313257248540253,0.3,,,10.1,-3.8,-0.1,-0.003,0.541,0.5200000000000004,
155,Hugo González,BOS,SF,19.0,13.0,1.0,151.0,10.28249047448979,-0.1687738137755225,0.3,,,8.5,-2.6,0.0,0.068,0.51,0.0,
156,Yves Missi,NOP,C,21.0,13.0,5.0,253.0,10.28114857391994,-0.1721285652001497,0.40359999999999996,,,15.4,-2.9,-0.1,0.075,0.582,0.0,
157,Adem Bona,PHI,C,22.0,12.0,3.0,177.0,10.278937261192358,-0.17765684701910708,0.3,,,9.6,-2.5,0.0,0.064,0.481,0.0,
158,Corey Kispert,WAS,SF,26.0,16.0,1.0,314.0,10.272165010111909,-0.13458747472022872,0.3968,,,12.9,-2.2,0.0,0.059,0.648,-0.4800000000000001,
159,Jaren Jackson Jr.,MEM,C,26.0,16.0,16.0,463.0,10.269620758356535,-0.26094810410865965,0.8756,,,13.4,-2.1,0.0,0.043,0.574,0.4800000000000003,41.0
160,Luguentz Dort,OKC,SF,26.0,12.0,12.0,347.0,10.266588209525713,-0.31977947618571767,0.6563999999999999,,,8.2,-2.5,0.0,0.113,0.528,0.8899999999999996,
161,Jericho Sims,MIL,C,27.0,13.0,1.0,123.0,10.263618709630576,-0.15095322592356084,0.3,,,9.2,-4.5,-0.1,0.084,0.763,-0.5199999999999997,
162,Kris Dunn,LAC,PG,31.0,17.0,11.0,436.0,10.262164301845662,-0.41333924538584754,0.7432000000000001,,,10.4,-2.8,-0.1,0.05,0.578,1.5500000000000007,
163,Walter Clayton,UTA,PG,22.0,13.0,0.0,207.0,10.261444730650858,-0.22138817337285321,0.3,,,9.8,-3.2,-0.1,0.019,0.521,0.0,
164,Tyler Kolek,NYK,PG,24.0,12.0,0.0,100.0,10.259546085121372,-0.2261347871965715,0.3,,,8.9,-3.9,0.0,0.044,0.49,0.0,
165,Jarred Vanderbilt,LAL,PF,26.0,14.0,2.0,257.0,10.259471331331683,-0.1475716716707943,0.34840000000000004,,,10.6,-2.1,0.0,0.063,0.548,-0.6299999999999999,
166,Javonte Green,DET,SG,32.0,17.0,3.0,373.0,10.257786834542221,-0.14803291364444623,0.5076,,,11.1,-1.6,0.0,0.1,0.556,-0.6599999999999996,
167,Saddiq Bey,NOP,SF,26.0,17.0,9.0,457.0,10.257634940673293,-0.1371626483167681,0.7284,,,14.7,-0.7,0.1,0.071,0.537,-0.7499999999999999,
168,Drew Eubanks,SAC,C,28.0,18.0,7.0,288.0,10.25507692673144,-0.2473076831713962,0.4855999999999999,,,12.5,-3.5,-0.1,0.033,0.63,0.08000000000000024,
169,Ochai Agbaji,TOR,SG,25.0,12.0,1.0,166.0,10.254546508904289,-0.382383727739276,0.3,,,5.3,-6.3,-0.2,0.031,0.448,1.1499999999999992,
170,Kyle Filipowski,UTA,C,22.0,16.0,5.0,320.0,10.253619358848471,-0.24095160287882056,0.484,,,12.8,-2.7,-0.1,0.052,0.54,0.0,
171,Thomas Bryant,CLE,C,28.0,13.0,0.0,81.0,10.25338103888211,-0.2890474027947264,0.3,,,10.2,-5.4,-0.1,0.033,0.433,0.38000000000000006,
172,Chris Youngblood,OKC,SG,23.0,16.0,0.0,80.0,10.252741193632428,-0.2431470159189325,0.3,,,7.4,-5.5,-0.1,0.121,0.528,0.0,
173,Buddy Hield,GSW,SG,33.0,19.0,0.0,337.0,10.246481046915143,-0.24754738271213977,0.40440000000000004,,,10.4,-3.3,-0.1,0.038,0.555,-0.0899999999999996,
174,Will Riley,WAS,SF,19.0,11.0,0.0,76.0,10.246038115111222,-0.2599047122219426,0.3,,,11.1,-4.1,0.0,-0.004,0.468,0.0,
175,Oso Ighodaro,PHO,PF,23.0,18.0,4.0,287.0,10.243263198795308,-0.2668420030117305,0.4244,,,9.3,-3.3,-0.1,0.049,0.541,0.0,
176,Maxime Raynaud,SAC,C,22.0,10.0,0.0,136.0,10.242872866827817,-0.26781783293045586,0.3,,,10.8,-5.2,-0.1,0.013,0.522,0.0,
177,Nicolas Batum,LAC,PF,37.0,17.0,2.0,303.0,10.240753161377006,-0.20561709655748944,0.40359999999999996,,,9.0,-1.8,0.0,0.044,0.56,-0.5399999999999999,
178,Larry Nance Jr.,CLE,PF,33.0,15.0,2.0,230.0,10.23749018032187,-0.3525245491953198,0.31600000000000006,,,6.5,-5.2,-0.2,0.033,0.436,0.5700000000000003,
179,Trayce Jackson-Davis,GSW,C,25.0,12.0,1.0,148.0,10.236414815154328,-0.08396296211418028,0.3,,,14.4,-3.1,0.0,0.123,0.566,-1.5999999999999999,
180,Nick Richards,PHO,C,28.0,18.0,2.0,190.0,10.23276374641069,-0.26184063397327895,0.3,,,12.3,-6.5,-0.2,0.052,0.562,-0.24999999999999992,
181,Cooper Flagg,DAL,PG,19.0,18.0,18.0,604.0,10.2324215455844,-0.29394613603900166,0.96,,,13.1,-1.7,0.0,0.056,0.527,0.0,67.0
182,Ariel Hukporti,NYK,C,23.0,10.0,2.0,72.0,10.232280462046486,-0.294298844883785,0.3,,,7.4,-4.7,0.0,0.036,0.461,0.0,
183,Al Horford,GSW,C,39.0,12.0,0.0,261.0,10.231886938108834,-0.1827826547279163,0.3132,,,9.2,-2.0,0.0,0.035,0.482,-0.8999999999999998,
184,Toumani Camara,POR,PF,25.0,18.0,18.0,611.0,10.229975374813671,-0.6750615629658212,0.96,,,9.6,-2.8,-0.1,0.031,0.523,3.0,90.0
185,Spencer Jones,DEN,SF,24.0,13.0,2.0,149.0,10.229006016381488,-0.3024849590462802,0.3,,,4.1,-5.1,-0.1,0.044,0.571,0.0,
186,P.J. Washington,DAL,PF,27.0,18.0,18.0,567.0,10.228486492579997,-0.26378376855000907,0.96,,,12.8,-1.6,0.1,0.035,0.529,-0.3200000000000002,
187,Jonathan Isaac,ORL,PF,28.0,17.0,0.0,170.0,10.227461673620294,-0.1000958159492659,0.3,,,12.2,-1.8,0.0,0.094,0.529,-1.649999999999999,
188,Guerschon Yabusele,NYK,C,30.0,15.0,0.0,158.0,10.22590484154951,-0.31023789612622193,0.3,,,7.3,-4.8,-0.1,0.047,0.449,0.0,
189,Jose Alvarado,NOP,PG,27.0,17.0,0.0,345.0,10.223236485977509,-0.2069087850562257,0.414,,,12.0,-2.5,0.0,0.038,0.548,-0.8800000000000001,
190,Ziaire Williams,BRK,SF,24.0,14.0,0.0,323.0,10.22183662259783,-0.3604084435054213,0.3876,,,9.3,-4.6,-0.2,0.009,0.546,0.3199999999999996,
191,Kris Murray,POR,SF,25.0,17.0,1.0,404.0,10.221587101440768,-0.39603224639807766,0.5048,,,8.3,-3.0,-0.1,0.042,0.494,0.6000000000000012,
192,Cole Anthony,MIL,PG,25.0,17.0,0.0,327.0,10.221105172751829,-0.35598706812042824,0.3924,,,11.5,-4.3,-0.2,-0.031,0.479,0.2700000000000002,
193,Liam McNeeley,CHO,SF,20.0,11.0,0.0,146.0,10.21912398398934,-0.32719004002665014,0.3,,,7.1,-5.7,-0.1,0.02,0.504,0.0,
194,Josh Giddey,CHI,PG,23.0,15.0,15.0,511.0,10.217116493652084,0.8043579251782953,0.9,1569.885672488986,0.47345333333333334,20.2,3.3,0.7,0.12,0.571,1.2,48.0
195,Amir Coffey,MIL,SG,28.0,15.0,0.0,134.0,10.2168960375781,-0.3152599060547508,0.3,,,6.4,-5.2,-0.1,0.044,0.538,-0.14000000000000057,
196,Zach LaVine,SAC,SG,30.0,16.0,16.0,536.0,10.216450468889533,-0.24762382777616626,0.92,,,14.4,-2.0,0.0,0.037,0.632,-0.69,64.0
197,Nique Clifford,SAC,SG,23.0,14.0,2.0,241.0,10.215586478945864,-0.336033802635339,0.32919999999999994,,,7.7,-4.4,-0.1,0.008,0.469,0.0,
198,Tyrese Proctor,CLE,PG,21.0,16.0,0.0,191.0,10.214808161256991,-0.3379795968575229,0.3,,,7.9,-6.1,-0.2,0.024,0.463,0.0,
199,Bronny James,LAL,SG,21.0,10.0,1.0,111.0,10.208664715234422,-0.3533382119139458,0.3,,,6.1,-4.5,-0.1,-0.01,0.377,0.0,
200,Caleb Love,POR,SG,24.0,10.0,0.0,185.0,10.205248298635999,-0.3618792534100033,0.3,,,9.0,-5.7,-0.2,-0.011,0.428,0.0,
201,Jonathan Kuminga,GSW,PF,23.0,13.0,12.0,360.0,10.204262308402305,-0.41434422899423756,0.6719999999999999,,,12.7,-3.9,-0.2,0.044,0.57,0.3999999999999999,
202,Rob Dillingham,MIN,PG,21.0,15.0,0.0,163.0,10.202752959105753,-0.3681176022356173,0.3,,,9.2,-6.8,-0.2,-0.035,0.429,0.0,
203,Jeremiah Robinson-Earl,IND,PF,25.0,12.0,3.0,229.0,10.202695493373717,-0.3482612665657084,0.3348,,,10.0,-5.0,-0.2,0.035,0.472,-0.16000000000000014,
204,Jordan Goodwin,PHO,PG,27.0,15.0,2.0,294.0,10.201437089379919,0.08543268396839264,0.3927999999999999,1579.4172105395496,0.4653866666666666,15.0,1.3,0.2,0.108,0.544,9.820000000000004,
205,Jaden Hardy,DAL,SG,23.0,16.0,0.0,178.0,10.200484628638995,-0.22378842840251015,0.3,,,9.1,-3.9,-0.1,0.008,0.553,-1.1999999999999995,
206,Micah Peavy,NOP,SG,24.0,14.0,1.0,196.0,10.198638399626676,-0.3784040009333116,0.3,,,8.6,-6.1,-0.2,0.002,0.438,0.0,
207,D'Angelo Russell,DAL,PG,29.0,17.0,3.0,364.0,10.196718016509115,-0.330704958727212,0.49679999999999996,,,12.2,-3.0,-0.1,-0.007,0.491,-0.4199999999999999,
208,Patrick Williams,CHI,PF,24.0,16.0,1.0,343.0,10.196598043555746,-0.28850489111063676,0.43160000000000004,,,9.7,-2.9,-0.1,0.027,0.544,-0.76,
209,Ron Holland,DET,SF,20.0,17.0,5.0,386.0,10.19464216357816,-0.3883945910545991,0.5632,,,9.2,-3.2,-0.1,0.037,0.48,0.0,
210,RayJ Dennis,IND,PG,24.0,12.0,0.0,162.0,10.194379538251342,-0.38905115437164717,0.3,,,7.0,-5.5,-0.1,-0.072,0.433,0.0,
211,Dalen Terry,CHI,SG,23.0,10.0,0.0,90.0,10.190970198726136,-0.16007450318465746,0.3,,,10.2,-2.3,0.0,0.058,0.498,-1.9,
212,Devin Vassell,SAS,SG,25.0,16.0,16.0,531.0,10.19059453918834,-0.37101365202915404,0.92,,,10.7,-1.9,0.0,0.072,0.534,-0.21999999999999992,96.0
213,Sam Hauser,BOS,PF,28.0,17.0,2.0,364.0,10.188933267859483,-0.3489168303512926,0.4768,,,8.5,-2.5,-0.1,0.046,0.488,-0.4300000000000001,
214,Ace Bailey,UTA,SF,19.0,17.0,8.0,366.0,10.188858010335721,-0.4028549741606947,0.5992,,,11.8,-3.6,-0.1,0.029,0.548,0.0,
215,Jalen Brunson,NYK,PG,29.0,14.0,14.0,478.0,10.188564350301622,0.9897407767599852,0.8535999999999999,1564.434455418404,0.46910666666666656,22.2,4.0,0.7,0.178,0.599,0.9100000000000001,9.0
216,Tyus Jones,ORL,PG,29.0,18.0,1.0,239.0,10.186747556075211,-0.3368811098119721,0.3068,,,5.5,-3.1,-0.1,0.017,0.337,-0.57,
217,Nigel Hayes-Davis,PHO,SF,31.0,13.0,0.0,100.0,10.185866337980825,-0.41033415504793674,0.3,,,5.2,-6.5,-0.1,-0.003,0.402,0.0,
218,Taelon Peter,IND,SG,23.0,11.0,0.0,91.0,10.184953931716455,-0.41261517070886133,0.3,,,5.4,-5.1,-0.1,-0.066,0.395,0.0,
219,Marcus Smart,LAL,SG,31.0,13.0,9.0,355.0,10.181328847197182,-0.3291778820070404,0.606,,,9.8,-2.6,-0.1,0.051,0.549,-0.7400000000000001,
220,Zaccharie Risacher,ATL,SF,20.0,15.0,15.0,362.0,10.179839553704088,-0.4254011157397815,0.7343999999999999,,,12.1,-3.2,-0.1,0.049,0.521,0.0,
221,VJ Edgecombe,PHI,SG,20.0,15.0,15.0,560.0,10.176191382552307,-0.4345215436192307,0.9,,,11.7,-2.3,0.0,0.053,0.503,0.0,
222,Terance Mann,BRK,SG,29.0,17.0,17.0,451.0,10.175134322945752,-0.39466419263562275,0.8812,,,11.8,-2.4,0.0,0.067,0.559,-0.3399999999999999,
223,Cameron Johnson,DEN,SF,29.0,16.0,16.0,445.0,10.174169070536077,-0.4270773236598052,0.8540000000000001,,,10.2,-2.6,-0.1,0.088,0.575,-0.09999999999999998,
224,Isaiah Livers,PHO,PF,27.0,12.0,0.0,149.0,10.168027848849452,-0.14243037787637144,0.3,,,8.4,-1.8,0.0,0.082,0.54,-2.499999999999999,
225,Gui Santos,GSW,PF,23.0,14.0,1.0,104.0,10.164354834854072,-0.3141129128648194,0.3,,,7.8,-6.2,-0.1,0.013,0.534,-1.1999999999999995,
226,A.J. Green,MIL,SG,26.0,18.0,18.0,511.0,10.163432158945778,-0.385169602635553,0.96,,,10.2,-2.8,-0.1,0.082,0.698,-0.65,
227,Egor Dёmin,BRK,PG,19.0,16.0,9.0,355.0,10.154445664631044,-0.48888583842238875,0.606,,,9.8,-3.1,-0.1,-0.01,0.507,0.0,
228,Kyle Kuzma,MIL,PF,30.0,17.0,8.0,443.0,10.154288840917406,-0.3205278977064833,0.6916,,,14.4,-3.3,-0.2,0.069,0.58,-1.3499999999999999,
229,Tre Mann,CHO,PG,24.0,15.0,1.0,325.0,10.153062244814667,-0.5998443879633294,0.41000000000000003,,,7.6,-6.6,-0.4,-0.062,0.454,0.8599999999999997,
230,Jeremiah Fears,NOP,PG,19.0,18.0,16.0,482.0,10.151600899968319,-0.495997750079202,0.8984,,,14.1,-3.0,-0.1,-0.002,0.541,0.0,
231,Matas Buzelis,CHI,PF,21.0,17.0,17.0,465.0,10.146358110721504,-0.5091047231962372,0.8980000000000001,,,12.8,-3.3,-0.2,0.037,0.582,0.0,
232,Mohamed Diawara,NYK,SF,20.0,10.0,0.0,33.0,10.139579946486412,-0.5260501337839679,0.3,,,2.9,-8.9,-0.1,-0.081,0.394,0.0,
233,Caleb Martin,DAL,SF,30.0,16.0,0.0,154.0,10.136822393412917,-0.36169401646770855,0.3,,,4.6,-5.7,-0.1,0.034,0.407,-1.37,
234,Taylor Hendricks,UTA,PF,22.0,11.0,3.0,157.0,10.13510682758206,-0.2997329310448495,0.3,,,9.9,-4.5,-0.1,0.014,0.455,-1.8999999999999992,
235,Carter Bryant,SAS,PF,20.0,11.0,0.0,72.0,10.134527090003509,-0.5386822749912256,0.3,,,4.6,-10.0,-0.1,-0.069,0.405,0.0,
236,Svi Mykhailiuk,UTA,SF,28.0,17.0,17.0,448.0,10.132730165316701,-0.49942458670824735,0.8775999999999999,,,9.8,-2.4,-0.1,0.043,0.609,-0.34999999999999976,
237,Chris Paul,LAC,PG,40.0,12.0,0.0,177.0,10.132517611407605,-0.343705971480986,0.3,,,8.2,-4.5,-0.1,-0.005,0.376,-1.6000000000000003,
238,Jusuf Nurkić,UTA,C,31.0,17.0,12.0,420.0,10.131315626057402,-0.4992109348564929,0.744,,,11.8,-2.7,-0.1,0.001,0.472,-0.38,
239,Bruce Brown,DEN,SG,29.0,17.0,0.0,396.0,10.124345355368035,-0.36038661157991064,0.4752,,,8.9,-3.5,-0.2,0.07,0.513,-1.63,
240,Tre Johnson,WAS,SG,19.0,15.0,4.0,364.0,10.12392312144012,-0.565192196399701,0.5167999999999999,,,10.0,-5.1,-0.3,-0.037,0.565,0.0,
241,Jalen Wilson,BRK,PF,25.0,14.0,0.0,214.0,10.123448049711369,-0.4413798757215758,0.3,,,5.4,-7.2,-0.3,-0.041,0.542,-0.9999999999999994,
242,Kentavious Caldwell-Pope,MEM,SG,32.0,18.0,13.0,411.0,10.121132751269071,-0.570918121827322,0.7532,,,9.2,-3.2,-0.1,0.033,0.492,-0.009999999999999917,
243,Sion James,CHO,SG,23.0,17.0,11.0,451.0,10.116472305429019,-0.5838192364274545,0.7612000000000001,,,8.2,-3.5,-0.2,0.04,0.595,0.0,
244,Lonzo Ball,CLE,PG,28.0,15.0,3.0,360.0,10.115843999757244,-0.29789000060689047,0.492,,,9.1,-1.7,0.0,0.039,0.441,-2.3,
245,Klay Thompson,DAL,SF,35.0,18.0,8.0,389.0,10.114125399128168,-0.5096865021795811,0.6268,,,8.7,-2.9,-0.1,-0.009,0.483,-0.6400000000000001,
246,Dennis Schröder,SAC,PG,32.0,18.0,12.0,525.0,10.108301948391611,-0.6067451290209713,0.84,,,11.9,-2.9,-0.1,-0.004,0.495,0.019999999999999504,
247,Isaac Okoro,CHI,SG,25.0,15.0,15.0,373.0,10.104734891416319,-0.6481627714592001,0.7476,,,8.5,-4.4,-0.2,0.037,0.576,0.2799999999999999,
248,John Collins,LAC,PF,28.0,17.0,8.0,435.0,10.093734588691769,-0.6269135282705784,0.682,,,11.5,-5.2,-0.3,0.011,0.563,-0.11000000000000025,
249,Khris Middleton,WAS,SF,34.0,12.0,12.0,299.0,10.081313709149947,-0.6417157271251284,0.5988,,,10.4,-5.5,-0.3,-0.005,0.546,-0.24000000000000013,
250,Sidy Cissoko,POR,SF,21.0,13.0,4.0,217.0,10.077394614995244,-0.3815134625118935,0.3404,,,6.6,-5.4,-0.2,0.019,0.511,-2.399999999999998,
251,Draymond Green,GSW,PF,35.0,16.0,16.0,459.0,10.07481984786138,-0.606700380346547,0.8708,,,8.4,-2.4,-0.1,0.015,0.502,-0.6500000000000001,57.0
252,Cody Williams,UTA,SG,21.0,11.0,0.0,141.0,10.073280854763611,-0.6917978630909712,0.3,,,0.6,-11.0,-0.3,-0.088,0.335,0.0,
253,CJ McCollum,WAS,SG,34.0,16.0,16.0,468.0,10.047777693432822,-0.6605557664179446,0.8816,,,13.1,-3.6,-0.2,0.004,0.536,-0.7599999999999999,
254,Ja Morant,MEM,PG,26.0,12.0,12.0,345.0,10.046489402942079,-0.5875264926448032,0.6539999999999999,,,12.7,-4.7,-0.2,-0.03,0.477,-1.3699999999999999,60.0
255,Ben Sheppard,IND,SG,24.0,17.0,8.0,435.0,10.01916167276359,-1.0020958180910255,0.682,,,6.2,-5.9,-0.4,-0.011,0.403,1.4,
256,Jordan Hawkins,NOP,SG,23.0,16.0,0.0,243.0,10.008285652228995,-0.5667858694275132,0.3,,,4.7,-8.3,-0.4,-0.074,0.396,-2.2999999999999994,
257,Jamal Murray,DEN,PG,28.0,16.0,16.0,562.0,10.003785376161966,0.8620929290964389,0.92,1563.3494479573847,0.4653333333333333,20.0,2.8,0.7,0.164,0.596,-0.2499999999999997,29.0
258,Gary Trent Jr.,MIL,SG,27.0,18.0,12.0,504.0,9.994960694915454,-0.7850982627113626,0.84,,,8.8,-4.3,-0.3,0.025,0.557,-0.8200000000000002,
259,Jaylen Wells,MEM,SG,22.0,18.0,18.0,464.0,9.994097693321699,-0.8897557666957508,0.9168000000000001,,,9.2,-4.2,-0.3,0.028,0.491,0.0,
260,Noah Clowney,BRK,PF,21.0,17.0,11.0,462.0,9.99336878147449,-0.46657804631377464,0.7744,,,11.1,-2.8,-0.1,0.017,0.575,-3.3999999999999986,
261,Bub Carrington,WAS,PG,20.0,16.0,5.0,406.0,9.91427167168942,-1.0893208207764489,0.5872,,,5.1,-8.0,-0.6,-0.076,0.467,0.0,
262,Deandre Ayton,LAL,C,27.0,15.0,15.0,438.0,9.888327357473665,0.07032190775497277,0.8256,1600.9939758786118,0.4771066666666667,18.0,-2.1,0.0,0.119,0.693,-1.1099999999999997,
263,Herbert Jones,NOP,SF,27.0,16.0,16.0,484.0,9.86915787725884,-1.0971053068529035,0.9008,,,7.9,-5.2,-0.4,-0.009,0.503,-0.84,
264,Jarace Walker,IND,PF,22.0,17.0,9.0,477.0,9.85652210660789,-1.0961947334802764,0.7524,,,7.0,-5.7,-0.5,-0.051,0.461,-1.0999999999999996,
265,Rudy Gobert,MIN,C,33.0,17.0,17.0,550.0,9.635030373698342,0.2600668556503298,0.94,1562.872706163763,0.4600666666666666,15.5,-0.7,0.2,0.149,0.704,-0.7,52.0
266,Franz Wagner,ORL,SF,24.0,18.0,18.0,629.0,9.626674193631407,0.8792624027820952,0.96,1548.582425079591,0.4425066666666666,19.7,2.5,0.7,0.166,0.593,1.2699999999999998,37.0
267,Sandro Mamukelashvili,TOR,C,26.0,17.0,1.0,316.0,9.565848725006251,0.41784128347136723,0.3992,1554.6237640758677,0.44937333333333335,19.7,3.6,0.5,0.2,0.685,0.9699999999999998,
268,Grayson Allen,PHO,SG,30.0,13.0,13.0,417.0,9.546857775153926,0.6311027690915609,0.7604,1548.500003645575,0.44688,17.8,3.1,0.5,0.166,0.638,-0.09,
269,Ivica Zubac,LAC,C,28.0,17.0,17.0,535.0,9.542574421721707,0.5982814704528503,0.94,1548.9792866024318,0.4448666666666667,21.5,0.9,0.4,0.147,0.642,0.8899999999999997,47.0
270,Andre Drummond,PHI,C,32.0,15.0,7.0,365.0,9.495222935031977,0.21033551663926855,0.578,1559.8088358983014,0.4555066666666666,17.9,0.4,0.2,0.169,0.618,-1.26,
271,Michael Porter Jr.,BRK,SF,27.0,16.0,16.0,521.0,9.313130803037051,0.7128786334607773,0.92,1540.0543556545942,0.4309066666666667,20.5,2.9,0.6,0.09,0.607,1.0100000000000002,72.0
272,Cason Wallace,OKC,SG,22.0,17.0,17.0,486.0,9.278124857409338,0.16286452123465114,0.9232,1550.7673524948948,0.44030666666666674,11.2,0.6,0.3,0.131,0.545,0.8999999999999997,95.0
273,Amen Thompson,HOU,SF,23.0,15.0,15.0,547.0,9.24247950417475,0.47396187397939005,0.9,1539.5489482128276,0.42893333333333333,16.9,1.5,0.5,0.144,0.548,2.299999999999999,34.0
274,Tari Eason,HOU,PF,24.0,11.0,1.0,255.0,9.103841452470256,0.1603012630242006,0.326,1544.0897739738946,0.4273466666666667,16.2,1.8,0.3,0.14,0.642,2.6499999999999995,75.0
275,Jerami Grant,POR,PF,31.0,17.0,5.0,485.0,8.954970836650363,0.4896776474283639,0.6819999999999999,1536.2847614815055,0.4221066666666666,18.3,1.8,0.5,0.157,0.643,-0.8300000000000002,
276,Trey Murphy III,NOP,SF,25.0,18.0,18.0,636.0,8.889461054145254,0.5465855213081323,0.96,1526.8293383799994,0.4140533333333334,17.8,1.5,0.6,0.103,0.616,0.6700000000000004,58.0
277,Keyonte George,UTA,PG,22.0,17.0,17.0,589.0,8.781167734221361,0.3622787702270717,0.94,1528.2409691308449,0.4097333333333334,17.9,0.7,0.4,0.098,0.59,1.7000000000000006,
278,Miles Bridges,CHO,PF,27.0,17.0,17.0,594.0,8.773419418339119,0.33351957047880637,0.94,1531.3353863468385,0.41375999999999996,17.4,0.8,0.4,0.11,0.56,0.1499999999999993,
279,Collin Gillespie,PHO,PG,26.0,18.0,0.0,459.0,8.762899609939794,0.42875383582691107,0.5508,1518.5631811815604,0.3988533333333333,16.7,3.5,0.6,0.152,0.58,5.199999999999999,
280,Jaylon Tyson,CLE,SG,23.0,14.0,10.0,367.0,8.666477499052021,0.3175874836034402,0.6404,1526.753595474196,0.40915999999999997,14.8,1.4,0.3,0.154,0.669,0.0,
281,Jabari Smith Jr.,HOU,PF,22.0,14.0,14.0,463.0,8.402512916106371,0.19200793837584318,0.8355999999999999,1515.6131746687186,0.3948533333333334,14.0,0.4,0.3,0.142,0.568,1.5000000000000007,
282,Josh Minott,BOS,PF,23.0,16.0,9.0,309.0,8.213249096443842,0.34603030401303775,0.5508,1509.0156064512548,0.38138666666666665,17.4,2.0,0.3,0.184,0.638,1.9000000000000008,
283,Luka Garza,BOS,C,27.0,15.0,0.0,222.0,7.930727590588957,0.20242283699376393,0.3,1504.250524820507,0.3752133333333333,19.8,0.8,0.2,0.232,0.674,-0.10999999999999953,
284,Russell Westbrook,SAC,SF,37.0,18.0,12.0,508.0,7.8035510754298505,0.10535140362309812,0.84,1503.4736313454791,0.37007999999999996,15.4,1.0,0.4,0.02,0.54,0.1800000000000002,
285,Jrue Holiday,POR,PG,35.0,12.0,12.0,401.0,7.722816542500399,0.3841124373776036,0.7212000000000001,1493.4495752115308,0.36316000000000004,17.0,2.4,0.5,0.112,0.565,-0.8500000000000001,51.0
286,Quentin Grimes,PHI,SG,25.0,16.0,1.0,512.0,7.200048567583419,0.059336078257654024,0.62,1465.34629834439,0.34171999999999997,14.2,-0.3,0.2,0.09,0.623,-2.9507091677708806e-17,
287,Aaron Holiday,HOU,PG,29.0,10.0,0.0,119.0,6.999432544724061,0.2863517309924801,0.3,1466.9650814017284,0.32587999999999995,17.9,4.4,0.2,0.2,0.717,0.5,
288,RJ Barrett,TOR,SF,25.0,17.0,17.0,526.0,6.853728160150939,0.47450759362095457,0.94,1455.8219544395336,0.31398666666666664,17.5,1.0,0.4,0.139,0.604,0.8899999999999998,80.0
289,Aaron Gordon,DEN,PF,30.0,13.0,13.0,368.0,6.745088979660844,0.6178010821020543,0.7016,1449.2937720858079,0.30684,20.5,2.4,0.4,0.194,0.676,0.46000000000000013,35.0
290,Steven Adams,HOU,C,32.0,14.0,4.0,307.0,6.643922209114529,0.1546824783867035,0.4484,1454.9252189707713,0.3142533333333334,17.8,1.0,0.2,0.181,0.566,-0.8499999999999999,
291,Tre Jones,CHI,PG,26.0,14.0,11.0,400.0,6.54645984900482,0.18473532395751374,0.7,1450.7102260934912,0.3050533333333333,16.3,0.2,0.2,0.13,0.604,0.6599999999999999,
292,De'Andre Hunter,CLE,SF,28.0,15.0,15.0,434.0,6.304955736050678,0.25869437016763186,0.8208,1439.7628056441065,0.2898266666666667,15.8,0.6,0.3,0.115,0.588,1.38,88.0
293,Donte DiVincenzo,MIN,SG,29.0,17.0,17.0,530.0,6.275299947380986,0.3301550711084167,0.94,1434.591081161228,0.28659999999999997,13.9,1.0,0.4,0.13,0.609,1.5300000000000002,
294,Josh Okogie,HOU,SG,27.0,15.0,11.0,320.0,6.239060881993325,0.24248596839855047,0.6040000000000001,1437.856405573877,0.28725333333333336,13.4,1.7,0.3,0.159,0.597,1.2300000000000002,
295,DeMar DeRozan,SAC,PF,36.0,18.0,18.0,588.0,5.8895008371759605,0.24832836084916846,0.96,1426.44068358411,0.2748666666666667,17.3,-0.1,0.3,0.104,0.601,-0.7999999999999999,77.0
296,Cedric Coward,MEM,SG,22.0,18.0,5.0,476.0,5.857850788169349,0.39730545128073647,0.6711999999999999,1419.408318530235,0.26838666666666666,16.6,2.1,0.5,0.131,0.609,0.0,
297,Isaiah Joe,OKC,SG,26.0,13.0,0.0,328.0,5.6725086635316835,0.2305272557568529,0.3936,1411.7046909811809,0.25811999999999996,15.9,1.4,0.3,0.191,0.657,1.7700000000000002,
298,Jakob Poeltl,TOR,C,30.0,13.0,13.0,332.0,5.583551294309769,0.4025097724403437,0.6584000000000001,1410.9173657155638,0.25466666666666665,18.0,0.8,0.2,0.197,0.721,-1.4525749534016e-16,
299,Jock Landale,MEM,C,30.0,18.0,13.0,410.0,5.450577966895009,0.25419782156868376,0.752,1406.4235925751452,0.2501866666666667,16.2,0.5,0.3,0.125,0.633,0.33999999999999997,
300,Nikola Vučević,CHI,C,35.0,16.0,16.0,490.0,5.381899789919387,0.28160184197183386,0.908,1399.8245134170802,0.24650666666666665,17.4,0.7,0.3,0.104,0.59,0.25000000000000006,
301,Jett Howard,ORL,SF,22.0,13.0,0.0,135.0,5.238079736699444,0.08360681565620028,0.3,1381.3014733012692,0.2528666666666667,15.1,1.7,0.1,0.139,0.598,-3.499999999999999,
302,Immanuel Quickley,TOR,PG,26.0,18.0,18.0,571.0,5.1992035289911795,0.6239815649623487,0.96,1384.0467271696014,0.22993333333333335,16.3,2.1,0.6,0.143,0.589,0.5600000000000002,98.0
303,Wendell Carter Jr.,ORL,C,26.0,17.0,17.0,508.0,5.19119916678482,0.22869415890496167,0.94,1393.520728097866,0.24085333333333334,14.4,-0.1,0.2,0.137,0.662,-0.8499999999999999,
304,Simone Fontecchio,MIA,SF,30.0,18.0,0.0,350.0,4.991872468988062,0.06519157289629053,0.42,1353.2678849837682,0.22962666666666665,13.0,0.8,0.2,0.097,0.601,1.1500000000000001,
305,Will Richard,GSW,SG,23.0,17.0,7.0,302.0,4.9853598664434555,0.21968792288804714,0.5024,1382.3629883781596,0.22874666666666665,15.7,0.8,0.2,0.158,0.682,0.0,
306,Josh Hart,NYK,SF,30.0,15.0,1.0,403.0,4.897554867724165,0.11711470499924075,0.5036,1370.467081676292,0.22534666666666667,14.3,1.0,0.3,0.111,0.568,0.4799999999999999,92.0
307,Tristan Da Silva,ORL,SF,24.0,18.0,6.0,435.0,4.8633704391370784,0.18053053164973742,0.642,1379.249542045073,0.22346666666666665,14.6,1.2,0.3,0.112,0.596,0.0,
308,Anfernee Simons,BOS,SG,26.0,17.0,0.0,424.0,4.754751348320647,0.05228599680178182,0.5087999999999999,1327.72978399971,0.22042666666666672,14.5,-0.1,0.2,0.099,0.592,0.31000000000000005,
309,Jaime Jaquez Jr.,MIA,SF,24.0,18.0,0.0,548.0,4.6794190101449855,0.31796039268931836,0.6,1363.8636560111074,0.2092,16.4,1.4,0.5,0.128,0.58,1.0,84.0
310,Jamison Battle,TOR,SF,24.0,13.0,0.0,82.0,4.639055801256536,0.3171770440939999,0.3,1367.6499297954338,0.20965333333333339,18.0,4.7,0.1,0.161,0.912,0.0,
311,Pat Connaughton,CHO,SG,33.0,12.0,0.0,116.0,4.572857572450168,0.084838583852729,0.3,1341.809166753185,0.21406666666666666,15.5,1.7,0.1,0.116,0.623,-1.1100000000000003,
312,Kon Knueppel,CHO,SF,20.0,17.0,16.0,571.0,4.356136271693824,0.3350243648502446,0.92,1351.970824658825,0.19533333333333336,16.0,0.8,0.4,0.094,0.654,0.0,89.0
313,Ayo Dosunmu,CHI,SG,26.0,15.0,3.0,397.0,3.8647337288612933,0.2652202924391481,0.5364,1324.0526223670006,0.17176000000000002,18.0,0.8,0.3,0.134,0.688,0.2899999999999998,
314,Keldon Johnson,SAS,SF,26.0,16.0,0.0,389.0,3.568675676328816,0.3669843459290431,0.4668,1307.4940198165662,0.15664,19.2,2.1,0.4,0.191,0.657,-0.32,
315,Naji Marshall,DAL,SF,28.0,19.0,1.0,502.0,3.5598635879536706,0.1547048995222137,0.62,1295.9212634776502,0.15768000000000001,14.1,0.1,0.3,0.127,0.6,0.8400000000000001,
316,Cam Spencer,MEM,SG,25.0,18.0,1.0,362.0,3.421471056465524,0.2522930117241665,0.45439999999999997,1298.3736504679591,0.15088000000000001,15.8,2.2,0.4,0.139,0.63,0.0,
317,Jamal Shead,TOR,PG,23.0,18.0,0.0,338.0,3.388071890426947,0.15763992912932817,0.4056,1288.9253661794935,0.15121333333333334,15.0,1.2,0.3,0.164,0.606,0.0,
318,Trendon Watford,PHI,PF,25.0,13.0,4.0,275.0,3.278138241967146,0.09727367062817717,0.41000000000000003,1263.4090302108907,0.14794666666666667,15.2,0.4,0.2,0.126,0.6,-0.2899999999999999,
319,Sam Merrill,CLE,SG,29.0,12.0,8.0,311.0,3.135966635956877,0.27239127576545014,0.5332,1274.9005385029868,0.13222666666666666,14.9,1.8,0.3,0.156,0.679,1.7000000000000002,
320,Jaxson Hayes,LAL,C,25.0,13.0,1.0,218.0,3.11667752283777,0.09915688428986745,0.3,1253.7775819506735,0.1397733333333333,14.7,0.2,0.1,0.162,0.74,-0.2200000000000001,
321,Payton Pritchard,BOS,PG,28.0,17.0,17.0,551.0,3.0293070342276,0.3643977007812093,0.94,1265.348373921929,0.12704,16.5,0.9,0.4,0.138,0.569,0.9499999999999995,79.0
322,Harrison Barnes,SAS,PF,33.0,16.0,16.0,487.0,3.0226037603126463,0.4379886252098066,0.9044,1268.607043837388,0.12792,13.9,1.2,0.4,0.141,0.703,-0.14000000000000012,
323,Pelle Larsson,MIA,SG,24.0,18.0,15.0,420.0,2.823696840197388,0.0970329513020054,0.804,1220.9299700425115,0.125,12.8,0.1,0.2,0.117,0.599,0.0,
324,Royce O'Neale,PHO,SF,32.0,18.0,14.0,542.0,2.5669970460785203,0.19575759466877563,0.8799999999999999,1230.117178047187,0.11033333333333334,12.1,0.6,0.4,0.112,0.622,-0.10000000000000017,
325,Max Christie,DAL,SG,22.0,19.0,16.0,568.0,2.5134278891387667,0.16677169606152803,0.92,1222.7966173463778,0.10732000000000001,12.3,0.0,0.3,0.109,0.66,0.29999999999999977,
326,Davion Mitchell,MIA,PG,27.0,18.0,18.0,542.0,1.802404397259694,0.2031788590762492,0.96,1158.8550869822623,0.07178666666666667,13.2,0.4,0.3,0.134,0.585,0.29999999999999993,
327,Landry Shamet,NYK,SG,28.0,15.0,6.0,314.0,1.7968180959811615,0.06923585890734531,0.49679999999999996,1123.9589389352413,0.07689333333333334,13.0,0.1,0.2,0.13,0.644,-0.6199999999999998,
328,Baylor Scheierman,BOS,SG,25.0,13.0,0.0,134.0,1.1595641562327594,0.12174501320401512,0.3,1069.4263612192285,0.04306666666666666,13.0,0.9,0.1,0.161,0.798,0.0,
329,Vit Krejci,ATL,PG,25.0,14.0,1.0,336.0,1.157220505377875,0.053849172413833316,0.4232,1024.2035846243225,0.04036,12.7,-0.5,0.1,0.125,0.733,1.7899999999999996,
330,Duop Reath,POR,C,29.0,14.0,0.0,108.0,1.1383766600677456,0.12753214090704093,0.3,1069.8448730211244,0.04038666666666667,13.9,1.8,0.1,0.138,0.781,0.6,
